basin_id,lit_fra_Alluvium,lit_fra_Arkose,lit_fra_Coal,lit_fra_Conglomerate,lit_fra_Cristallin basement,lit_fra_Dolomite rock,lit_fra_Gravel and sand,lit_fra_Limestone,lit_fra_Limestone and marl,lit_fra_Marl,lit_fra_Marl and dolomite,lit_fra_Marl and limestone,lit_fra_Marl and sandstone,lit_fra_Plutonic rock,lit_fra_Quarzite,lit_fra_Sand,lit_fra_Sand and gravel,lit_fra_Sandstone,lit_fra_Sandstone and conglomerate,lit_fra_Sandstone and marl,lit_fra_Sandstone and schist,lit_fra_Sandstone and siltstone,"lit_fra_Sandstone, conglomerate and marl","lit_fra_Sandstone, siltstone and schist",lit_fra_Schist,lit_fra_Schist and sandstone,lit_fra_Silt,lit_fra_Silt and schist,"lit_fra_Siltstone, sandstone and schist",lit_fra_Volcanic rock,lit_fra_totalarea,lit_dom,tot_area
BEWA0066,2.090837929789102,0.0,0.0,0.0,0.0,0.0,0.0,0.0,0.0,0.0,0.0,0.0,0.0,0.0,0.3604325872315105,0.0,0.0,0.8566928605423362,0.0,0.0,0.0,0.0,0.0,0.0,93.37301115942664,3.319025463010419,0.0,0.0,0.0,0.0,100.0,Schist,99.3772202608042
BEWA0067,2.3476249330789107,0.0,0.0,0.0,0.0,0.0,0.0,0.0,0.0,0.0,0.0,0.0,0.0,0.0,1.2732401594821214,0.0,0.0,0.0,0.0,0.0,0.0,0.0,0.0,0.0,96.37913490743897,0.0,0.0,0.0,0.0,0.0,100.0,Schist,99.56865290332856
BEWA0087,0.005000339266503782,0.0,0.0,0.0,0.0,0.0,0.0,0.0,0.0,0.0,0.0,0.0,0.0,0.0,0.0,0.0,0.0,0.0,0.0,0.0,0.0,0.0,0.0,0.0,99.9949996607335,0.0,0.0,0.0,0.0,0.0,100.0,Schist,98.7867858654088
BEWA0106,0.0,0.0,0.0,0.0,0.0,0.0,0.0,0.0,0.0,0.0,0.0,0.0,0.0,0.0,0.0,0.0,0.0,0.0,0.0,0.0,0.0,0.0,0.0,0.0,100.0,0.0,0.0,0.0,0.0,0.0,100.0,Schist,99.0074551822376
BEWA0107,0.0,0.0,0.0,0.0,0.0,0.0,0.0,0.0,0.0,0.0,0.0,0.0,0.0,0.0,0.0,0.0,0.0,3.999020617136216,0.0,0.0,0.0,0.0,0.0,0.0,80.50821408920336,15.492765293660424,0.0,0.0,0.0,0.0,100.0,Schist,98.80870523104379
BEWA0119,2.3691720591517105,0.0,0.0,0.0,0.0,0.0,0.0,0.0,0.0,0.0,0.0,0.0,0.0,0.0,0.32591876377811857,0.0,0.0,0.7746588070466467,0.0,0.0,0.0,0.0,0.0,0.0,93.52904372508263,3.0012066449409094,0.0,0.0,0.0,0.0,100.0,Schist,99.436519539955
DEBU1956,8.261313765525971,0.0,1.776392413696317,0.0,10.27572080740034,15.961409944104918,0.0,30.39719749202547,0.004249636844716829,17.88182195339772,0.0021541138147581503,0.2542895249602212,0.0001254363250917819,0.2594219769111844,0.0,0.0,0.0054203909982961,10.798253046829947,0.0,4.105020498764852,0.0,0.0,0.0,0.0,0.0,0.0,0.017208998400202225,0.0,0.0,0.0,100.0,Limestone,99.7745841502005
DEBU1957,4.000839471877991,2.246995881814351,0.0,0.23577861126269145,0.046626445446964884,21.375817322775198,0.022206386562498195,15.41465331604915,5.257096324638759,7.512141348861981,0.0,0.0,0.0,0.0,0.9715748904066797,0.2974098629452652,2.321904003303821,16.422453648288535,9.868455738128558,2.8164388088479235,0.2741852129923518,5.410242076720649,1.9896828662754324,0.8712126803954205,0.8220917186686126,0.0,0.9041190316944818,0.0,0.0,0.9180743520426974,100.0,Dolomite rock,99.94322146224296
DEBU1958,6.362758086189616,0.6590673974859389,0.8572789865224737,0.06915633311364909,4.972692653427878,14.680430336048826,0.006513365475104867,20.141571929025513,1.792548009436871,15.001673783002664,0.2951567993608985,0.8524009474160148,0.19806206553689368,0.12519587886851705,0.5838135766313446,0.11020372354875684,1.0237456827735483,12.398015959977124,3.729590905246294,3.065943611674164,0.39025710416584325,1.752613914257372,0.5835947983312132,0.2555357927319953,9.392761627072138,0.04966066773597718,0.3804752537071831,0.0,0.0,0.26928081123620057,100.0,Limestone,99.82799150957354
DEBU1959,6.099059888476352,0.5786270373052587,0.7526465457216562,0.061786148458162646,4.3657665793489455,13.010971040577013,0.2047790001522838,17.873333091558344,1.629960290384825,13.546275782310763,0.2591323816140413,0.7483638800537802,0.1738882345285754,0.10991549688067158,1.5405533501400803,0.12026478476479582,1.4494182602472163,11.919816617684994,4.078852115778162,3.148638116502461,1.5129371715372968,2.3063551522906414,0.5123660044985828,0.5538872803993311,12.089680890047978,0.04359949400058494,0.4139154915674909,0.0001482279854817662,0.2992187447630342,0.5958429004211896,100.0,Limestone,99.84454069974058
DERP2003,4.756031711907535,0.0,0.0,0.0,0.0,1.0892333928725162,0.0,3.901447774480493,0.0,16.895156072623287,0.760670475600362,4.604009945218189,1.2095392482748835,0.0,0.23681278144396084,0.0,0.023565583298558124,11.818820532710966,0.7227784603970066,0.1949219382500916,0.4898202586368446,0.0,0.0,0.0,52.908360029605284,0.3643779649505232,0.024453829729491453,0.0,0.0,0.0,100.0,Schist,99.65916074663784
DERP2004,2.835252786152305,0.0,0.0,0.0,0.0,0.0,0.0,0.0,0.0,0.0,0.0,0.0,0.0,0.0,1.2523531794540372,0.0,0.0,0.49737972937578484,0.0,0.0,2.590349872690517,0.0,0.0,0.0,90.89769959476108,1.9269648375662733,0.0,0.0,0.0,0.0,100.0,Schist,99.6374783193029
DERP2005,0.0010783086814663161,0.0,0.0,0.0,0.0,0.0,0.0,0.0,0.0,0.0,0.0,0.0,0.0,0.0,4.415535797114277,0.0,0.0,0.0,0.0,0.0,11.887600352678266,0.0,0.0,0.0,83.69578554152599,0.0,0.0,0.0,0.0,0.0,100.0,Schist,100.00000000000016
DERP2006,4.247311438182445,0.0,0.0,0.0,0.0,0.0,0.0,0.5277672299888797,0.6052307585017722,0.0,0.0,0.0,0.0,0.0,9.480212318548984,0.0,0.0,0.0,0.0,0.0,5.368045992713864,4.91587809533777,0.0,0.0,74.8555541667263,0.0,0.0,0.0,0.0,0.0,100.0,Schist,100.00000000000016
DERP2007,3.8815561498602844,0.0,0.0,0.0,0.0,3.4068015419357676,0.0,0.048985211997866616,0.05618789966665952,9.273603109490733,0.0,0.0,0.0,0.0,4.3006514778321,0.0,0.2758938154000687,5.930501180893566,5.943971487800298,0.0,5.388744103383496,1.0414844632323934,0.0,0.0,60.27735158254073,0.0,0.17426797596602597,0.0,0.0,0.0,100.0,Schist,100.0
DERP2008,0.0,0.0,0.0,0.0,0.0,0.0,0.0,0.0,0.0,0.0,0.0,0.0,0.0,0.0,2.541269633324088,0.0,0.0,0.20165668913880247,2.759653241004075,0.0,3.385456813293348,0.0,0.0,0.0,91.11196362323969,0.0,0.0,0.0,0.0,0.0,100.0,Schist,99.99999999999996
DERP2009,0.0,0.0,0.0,0.0,0.0,0.0,0.0,38.81323920574612,0.3599868057437867,0.0,0.0,0.0,0.0,0.0,0.5920067749026633,0.0,0.0,4.902876620992927,0.0,0.0,0.29649126250001245,55.03539933011449,0.0,0.0,0.0,0.0,0.0,0.0,0.0,0.0,100.0,Sandstone and siltstone,99.99999999999986
DERP2010,0.39905118021410435,0.0,0.0,0.0,0.0,0.0,0.0,28.983374877150258,0.04700501604261963,0.0,0.0,0.0,0.0,0.0,1.0528803749994688,0.0,0.0,8.666905407458817,15.60925650866448,0.0,5.975157618939077,12.607604396207575,0.0,0.0,26.65876462032361,0.0,0.0,0.0,0.0,0.0,100.0,Limestone,99.99999999999993
DERP2011,2.0088707834774207,0.0,0.0,0.0,0.0,2.943585625666063,0.0,17.9840700442245,0.024380412216418706,20.45984978273403,0.0,0.0,0.0,0.0,0.6409587443653201,0.0,1.864733608515481,10.937992045762403,16.020800594643195,0.0,3.2268772837213264,6.53883586331461,0.0,0.0,16.665363450496727,0.0,0.6836817608624984,0.0,0.0,0.0,100.0,Marl,99.99999999999987
DERP2012,3.678801616151061,0.0,0.0,0.0,0.0,14.521269995831029,0.0,16.853489685391622,0.0012082528172377696,19.39959502640613,0.0,0.0,0.0,0.0,0.0,0.0,1.963616539822297,24.67591896724124,18.075497433962422,0.0,0.0,0.0,0.0,0.0,0.0,0.0,0.8306024823769674,0.0,0.0,0.0,100.0,Sandstone,99.99999999999986
DERP2013,4.5934391541676325,0.0,0.0,0.0,0.0,0.0,0.0307327805352156,0.37276681093655845,8.764487905782145,0.024256422041252106,0.0,0.0,0.0,0.0,0.0,0.0,0.0,51.514737293289,34.679126073537,0.0,0.0,0.0,0.0,0.0,0.0,0.0,0.020453559711184517,0.0,0.0,0.0,100.0,Sandstone,99.74721979356556
DERP2014,1.4502173599707948,0.0,0.0,0.0,0.0,0.0868301728770036,0.014501296163344154,0.44226649168979165,14.485225826187879,15.356470295618973,0.0,0.0,0.0,0.0,0.0,0.0,0.0,48.904520890197475,19.213766539130816,0.0,0.0,0.0,0.0,0.0,0.0002637476276596,0.0,0.04593738053624526,0.0,0.0,0.0,100.0,Sandstone,99.93227607158708
DERP2015,0.7468917855319213,0.0,0.0,0.0,0.0,0.33325289558776605,0.0,0.9606047062787724,4.888319490317715,38.17405566082087,0.0,0.0,0.0,0.0,0.0,0.0,0.0,52.53514741389067,2.1845137999159703,0.0,0.0,0.0,0.0,0.0,0.0007770791502204391,0.0,0.1764371685061027,0.0,0.0,0.0,100.0,Sandstone,99.9783220082091
DERP2016,6.800568524564437,0.0,0.0,0.0,0.0,12.724851369584576,0.0,13.110055130429158,13.794381533994663,8.874653469665352,0.0,0.0,0.0,0.0,10.641919101184277,0.0,0.7874893548215398,1.05450372331256,18.001022455172166,8.180934706771508,0.0,0.0,0.0,0.0,2.2707135286896074,0.0,3.758907101810173,0.0,0.0,0.0,100.0,Sandstone and conglomerate,100.00000000000175
DERP2017,11.207082816487414,0.0,0.0,0.0,0.0,0.0,0.0,0.0,0.0,1.7950473879943802,0.0,0.0,0.0,0.0,28.66302357210264,6.259737403303545,0.09353782478631902,5.040973076148956,2.8146120477453347,0.0,23.758376372107474,0.0,0.0,0.0,20.367609499323937,0.0,0.0,0.0,0.0,0.0,100.0,Quarzite,99.99999999999956
DERP2018,7.997669094695481,0.0,0.0,0.0,0.0,0.0,0.0,0.0,0.0,1.5534247667820495,0.0,0.0,0.0,0.0,26.241514825175827,2.831133053504335,0.9380297250604794,3.1490373907637528,1.2729833038935439,0.0,30.131114851934203,0.0,0.0,0.0,25.88509298819033,0.0,0.0,0.0,0.0,0.0,100.0,Sandstone and schist,100.00000000000004
DERP2019,12.42937271405542,0.0,0.0,0.0,0.0,0.0,0.0,0.0,0.0,0.0,0.0,0.0,0.0,0.0,17.846886357506715,16.607819511088064,0.3537991983683239,0.0,10.647754787970436,0.0,7.464710737503509,0.0,0.0,0.0,34.64965669350754,0.0,0.0,0.0,0.0,0.0,100.0,Schist,99.99999999999832
DERP2020,0.2782971021829447,0.0,0.0,0.0,0.0,0.0,0.0,0.0,0.0,25.98986540056115,0.0,0.0,0.0,0.0,0.0,0.0,0.0,0.0,0.0,0.0,0.0,0.0,0.0,0.0,73.73183749725591,0.0,0.0,0.0,0.0,0.0,100.0,Schist,99.4116233899665
DERP2021,3.807208326868904,0.0,0.0,0.16497032477552775,0.0,0.0,0.0,2.7906149813456085,3.235189431940719,10.471424261688714,0.0,0.0,0.0,0.0,7.9711291632206995,0.0,0.0,1.2220222339726527,0.0,0.0,0.0,7.409781283413043,0.0,0.0,62.667786054350614,0.0,0.0,0.0,0.0,0.2598739384235128,100.0,Schist,99.79716044766269
DERP2022,5.2460102219384765,0.0,0.0,0.09652276026460792,0.0,0.0,0.0,5.785164389290941,2.343065539671481,6.20833828337067,0.0,0.0,0.0,0.0,4.860846682469508,0.0,1.1996624992141154,6.58664859266751,4.589428347784616,0.0,0.29001155409653684,6.862313238148461,0.0,0.0,45.871651106640655,0.0,0.0,0.0,0.0,10.060336784442416,100.0,Schist,99.80185597320349
DERP2023,3.835179686176736,0.0,0.0,0.061535068930531234,0.0,0.0,0.0,9.498092222319729,3.2163408706775796,3.957956571790342,0.0,0.0,0.0,0.0,4.312867349756027,0.0,0.8385227584311267,8.108843785424394,4.612128787925878,0.0,1.2844115285308766,5.0894924763327785,0.0,0.0,47.03733104730946,0.0,0.0,0.0,0.0,8.147297846394538,100.0,Schist,99.87365245983165
DERP2024,2.206373655619938,0.0,0.0,0.035401041436060744,0.0,3.6118240387247242,2.1613620617465155,6.260330277063657,1.8503565270056765,9.195179125817466,0.0,0.0,0.0,0.0,2.9671517799203286,0.0,1.5102457934779407,14.93144823432075,16.182175578711277,0.0,0.738891820310172,3.756712248241087,0.0,0.0,27.289820988526557,0.0,2.615597462606322,0.0,0.0,4.687129366471509,100.0,Schist,99.92727340697016
DERP2025,3.7988777478850952,0.0,0.0,0.0,0.0,0.0,0.0,0.0,0.0,0.0,0.0,0.0,0.0,0.0,18.598807868885356,0.0,0.0,0.0,0.0,0.0,0.0,0.4548326783479514,0.0,0.0,76.49193490935082,0.0,0.0,0.0,0.0,0.6555467955307793,100.0,Schist,99.99999999999977
DERP2026,1.813591182170413,0.0,0.0,0.0,0.0,0.0,0.0,1.8783568804374366,0.0,0.0,0.0,0.0,0.0,0.0,13.185539381675394,0.0,1.5266026627488307,7.897549579564759,0.9687501752000834,0.0,2.1022825107723935,0.837054763720726,0.0,0.0,68.16557384139462,0.0,0.0,0.0,0.0,1.6246990223153412,100.0,Schist,100.00000000000013
DERP2027,1.8875999088255584,0.0,0.0,0.0,0.0,0.0,0.0,37.636423167955364,4.228148624611926,0.0,0.0,0.0,0.0,0.0,5.673245499610245,0.0,0.5515955390730962,7.6949264758378115,7.268237080919351,0.0,4.469270607142763,0.8360499669748772,0.0,0.0,25.94151726071746,0.0,0.0,0.0,0.0,3.812985868331557,100.0,Limestone,100.00000000000013
DERP2028,0.0,0.0,0.0,0.0,0.0,0.0,0.0,0.0,0.0,0.0,0.0,0.0,0.0,0.0,9.285579788528548,0.0,0.0,45.39978201371756,33.983027700666675,0.0,0.0,7.174890936395439,0.0,0.0,2.56803465546747,0.0,0.0,0.0,0.0,1.588684905224316,100.0,Sandstone,100.00000000000004
DERP2029,0.0,0.0,0.0,0.0,0.0,0.0,12.01612674657699,0.0,0.0,0.03570060931448967,0.0,0.0,0.0,0.0,3.657206001882528,0.0,0.0,28.737563484199068,32.71037965473343,0.974710824028537,0.2801284011875324,20.237493139597817,0.0,0.0,0.75689104078656,0.0,0.0,0.0,0.17947212300070736,0.4143279746923413,100.0,Sandstone and conglomerate,100.00000000000016
DERP2030,1.316168762499669,0.0,0.0,0.0,0.0,0.0,0.0,0.0,0.0,0.0,0.0,0.0,0.0,0.0,16.929835309019563,0.0,0.0,10.260470188442039,0.0,0.0,30.824052206529945,0.0,0.0,0.0,40.669473533508786,0.0,0.0,0.0,0.0,0.0,100.0,Schist,99.95455079618183
DERP2031,4.91446157218818,0.0,0.0,0.0,0.0,0.0,0.0,0.0,0.0,0.815674564215221,0.0,0.0,0.0,0.0,18.576579287061787,0.0,4.4176469282161936e-05,8.95480683637099,0.0,0.0,17.329855622076007,0.0,0.0,0.0,49.40857794161852,0.0,0.0,0.0,0.0,0.0,100.0,Schist,99.98086839750931
DERP2032,0.0,0.0,0.0,0.0,0.0,0.0,0.0,0.0,0.0,0.0,0.0,0.0,0.0,0.0,12.721083886606415,0.0,0.0,0.0,0.0,0.0,0.0,78.25106134382455,0.0,0.15433068075254183,6.915773937730899,0.0,0.0,0.0,0.0,1.9577501510855848,100.0,Sandstone and siltstone,99.480838726417
DERP2033,2.384709673875199,0.0,0.0,0.0,0.0,0.0,1.6969777244203794,0.0,0.017539109226240638,0.2337311719983296,0.0,0.0,0.0,0.0,13.9481683695548,0.0,3.4874635914362413,2.36396283124253,0.6901677950609821,13.329038621386305,2.8865030399480935,24.59970785291615,0.0,0.017935774519724126,18.42759381280018,0.0,0.0,0.0017980670548110537,7.996286021485996,7.918416543074029,100.0,Sandstone and siltstone,99.93073505382584
DERP2034,6.112792822026301,0.0,0.0,0.0,0.0,0.0,0.0,0.0,0.0,0.0,0.0,0.0,0.0,0.0,3.738192113882178,0.0,1.1165534720112409,0.0,0.0,0.0,0.0,14.324137071285797,0.0,0.0,25.335913679852922,0.0,0.0,0.08292989493284518,39.0413103089821,10.248170637026615,100.0,"Siltstone, sandstone and schist",100.00000000000048
DERP2035,0.40759330521822434,0.0,0.0,0.0,0.0,0.0,0.638982736714244,0.0,0.0,0.0,0.0,0.0,0.0,0.0,12.018707429343987,0.0,0.0,0.0,0.0,0.0,0.0,4.382618933603441,0.0,18.171175225306165,22.087450544199037,0.0,0.0,0.0,39.44241481014094,2.8510570154739727,100.0,"Siltstone, sandstone and schist",100.00000000001437
DERP2036,0.7046021815260051,0.0,0.0,0.0,0.0,0.0,0.057618225391769425,0.0,0.0,6.33141721319285,0.0,0.0,0.0,0.0,12.955335378944019,0.0,0.0,0.0,0.0,0.0,0.011012976329541886,9.868773730999163,0.0,23.536497903276466,28.951080453301696,0.0,0.0,0.0,12.19476389254068,5.388898044497803,100.0,Schist,99.98439356359029
FR000124,3.159718189561953,0.0,0.0,0.0,96.84028181043806,0.0,0.0,0.0,0.0,0.0,0.0,0.0,0.0,0.0,0.0,0.0,0.0,0.0,0.0,0.0,0.0,0.0,0.0,0.0,0.0,0.0,0.0,0.0,0.0,0.0,100.0,Cristallin basement,99.25003050829258
FR000125,6.655156258656743,0.0,0.0,0.0,93.12619250897477,0.0,0.0,0.0,0.0,0.0,0.0,0.0,0.0,0.0,0.0,0.0,0.0,0.2186512323684719,0.0,0.0,0.0,0.0,0.0,0.0,0.0,0.0,0.0,0.0,0.0,0.0,100.0,Cristallin basement,99.36756420085302
FR000126,1.9845432035715524,0.0,0.0,0.0,97.33648451985034,0.0,0.0,0.0,0.0,0.0,0.0,0.0,0.0,0.0,0.0,0.0,0.0,0.6789722765780888,0.0,0.0,0.0,0.0,0.0,0.0,0.0,0.0,0.0,0.0,0.0,0.0,100.0,Cristallin basement,99.92914585359875
FR000127,2.13181785346733,0.0,0.0,0.0,97.1920848797985,0.0,0.0,0.0,0.0,0.0,0.0,0.0,0.0,0.0,0.0,0.0,0.0,0.6760972667341607,0.0,0.0,0.0,0.0,0.0,0.0,0.0,0.0,0.0,0.0,0.0,0.0,100.0,Cristallin basement,99.92944566354936
FR000128,9.286479055159091,0.0,0.02605041087458371,0.0,87.931091315124,0.0,0.0,0.0,0.0,0.0,0.0,0.0,0.0,0.0,0.0,0.0,0.0,2.7563792188423184,0.0,0.0,0.0,0.0,0.0,0.0,0.0,0.0,0.0,0.0,0.0,0.0,100.0,Cristallin basement,99.62176001431915
FR000129,0.0,0.0,0.0,0.0,100.0,0.0,0.0,0.0,0.0,0.0,0.0,0.0,0.0,0.0,0.0,0.0,0.0,0.0,0.0,0.0,0.0,0.0,0.0,0.0,0.0,0.0,0.0,0.0,0.0,0.0,100.0,Cristallin basement,99.99992354954914
FR000130,0.6020571063327005,0.0,0.0,0.0,99.3979428936673,0.0,0.0,0.0,0.0,0.0,0.0,0.0,0.0,0.0,0.0,0.0,0.0,0.0,0.0,0.0,0.0,0.0,0.0,0.0,0.0,0.0,0.0,0.0,0.0,0.0,100.0,Cristallin basement,100.00000000000043
FR000131,9.075252973899325,0.0,0.0,0.0,90.92474702610068,0.0,0.0,0.0,0.0,0.0,0.0,0.0,0.0,0.0,0.0,0.0,0.0,0.0,0.0,0.0,0.0,0.0,0.0,0.0,0.0,0.0,0.0,0.0,0.0,0.0,100.0,Cristallin basement,99.99999999999932
FR000132,11.165824104498986,0.0,18.696930281156966,0.0,55.17372621977669,0.0,0.0,0.0,0.0,0.0,0.0,0.0,0.0,0.0,0.0,0.0,0.0,14.963519394567365,0.0,0.0,0.0,0.0,0.0,0.0,0.0,0.0,0.0,0.0,0.0,0.0,100.0,Cristallin basement,100.00000000000159
FR000133,8.289694988882333,0.0,6.288187338782674,0.0,69.18670838043762,0.0,0.0,0.0,0.0,0.0,0.0,0.0,0.0,0.0,0.0,0.0,0.0,16.235409291897373,0.0,0.0,0.0,0.0,0.0,0.0,0.0,0.0,0.0,0.0,0.0,0.0,100.0,Cristallin basement,99.99999825941185
FR000134,14.437744604218764,0.0,1.507082675003492,0.0,55.17763047101928,3.175764594024782,0.0,5.736715541019529,0.0,1.9387235118956847,0.0,0.0,0.0,0.0,0.0,0.0,0.0,18.026338602818466,0.0,0.0,0.0,0.0,0.0,0.0,0.0,0.0,0.0,0.0,0.0,0.0,100.0,Cristallin basement,99.69565078825863
FR000135,15.88228764104462,0.0,1.1420226706538825,0.0,41.811976181545894,12.366592529765724,0.0,10.699378020657113,0.0,2.6995834517276913,0.0,0.0,0.0,0.0,0.0,0.0,0.0,15.398159504605067,0.0,0.0,0.0,0.0,0.0,0.0,0.0,0.0,0.0,0.0,0.0,0.0,100.0,Cristallin basement,99.74048708579879
FR000136,0.0,0.0,0.0,0.0,0.0,6.457686260926981,0.0,36.71016044126708,0.0,33.353404445760674,0.0,0.0,0.0,0.0,0.0,0.0,0.0,23.478748852045257,0.0,0.0,0.0,0.0,0.0,0.0,0.0,0.0,0.0,0.0,0.0,0.0,100.0,Limestone,98.8136376778367
FR000137,0.0,0.0,0.0,0.0,0.0,42.30287868943502,0.0,44.939082518391764,0.0,3.4519266683468217,0.0,0.0,0.0,0.0,0.0,0.0,0.0,9.30611212382638,0.0,0.0,0.0,0.0,0.0,0.0,0.0,0.0,0.0,0.0,0.0,0.0,100.0,Limestone,99.87059099511659
FR000138,0.0,0.0,0.0,0.0,0.0,32.207411242529496,0.0,35.73224033751865,0.0,16.159257814584713,0.0,0.0,0.0,0.0,0.0,0.0,0.0,15.901090605367147,0.0,0.0,0.0,0.0,0.0,0.0,0.0,0.0,0.0,0.0,0.0,0.0,100.0,Limestone,99.35170160474775
FR000139,0.0,0.0,0.0,0.0,0.0,32.226827885698725,0.0,35.722006178107016,0.0,16.154629601551164,0.0,0.0,0.0,0.0,0.0,0.0,0.0,15.896536334643091,0.0,0.0,0.0,0.0,0.0,0.0,0.0,0.0,0.0,0.0,0.0,0.0,100.0,Limestone,99.35188608207326
FR000140,10.997453799352787,0.0,0.7351637762104404,0.0,26.91597206458816,17.385220338425924,0.0,18.630362783666232,0.0,9.630521809240808,0.0,0.0,0.0,0.0,0.0,0.0,0.0,13.55407568648451,0.0,2.1512297420311555,0.0,0.0,0.0,0.0,0.0,0.0,0.0,0.0,0.0,0.0,100.0,Cristallin basement,99.62404247757331
FR000141,0.0,0.0,0.0,0.0,0.0,0.0,0.0,48.2679942791647,0.0,51.732005720835296,0.0,0.0,0.0,0.0,0.0,0.0,0.0,0.0,0.0,0.0,0.0,0.0,0.0,0.0,0.0,0.0,0.0,0.0,0.0,0.0,100.0,Marl,99.84981987040916
FR000142,8.782049185815158,0.0,14.053749123218054,0.0,75.84372233364977,0.0,0.0,0.0,0.0,0.0,0.0,0.0,0.0,0.01821705424580988,0.0,0.0,0.0,1.302262303071213,0.0,0.0,0.0,0.0,0.0,0.0,0.0,0.0,0.0,0.0,0.0,0.0,100.0,Cristallin basement,99.88035713341633
FR000143,0.1603138893447272,0.0,17.41207641818033,0.0,40.99322145557139,0.0,0.0,0.0,0.0,0.0,0.0,0.0,0.0,0.22408376843976682,0.0,0.0,0.0,41.2103044684638,0.0,0.0,0.0,0.0,0.0,0.0,0.0,0.0,0.0,0.0,0.0,0.0,100.0,Sandstone,99.97999808925202
FR000144,4.8070231703010595,0.0,2.2631539612417617,0.0,8.31681684317426,0.0,0.0,0.0,0.0,0.0023240893081902646,0.0,0.0,0.0,0.0,0.0,0.0,0.0,84.61068193597472,0.0,0.0,0.0,0.0,0.0,0.0,0.0,0.0,0.0,0.0,0.0,0.0,100.0,Sandstone,99.92865103314055
FR000145,10.639744686636122,0.0,10.052449538470595,0.0,20.92996346596205,11.020566503932622,0.0,10.631387020814415,0.0,7.85625483227586,0.0,0.0,0.0,1.7639816725518085,0.0,0.0,0.0,27.10565227935652,0.0,0.0,0.0,0.0,0.0,0.0,0.0,0.0,0.0,0.0,0.0,0.0,100.0,Sandstone,99.96699979675266
FR000146,7.082555951537531,0.0,18.15798077921001,0.0,37.80629515921228,0.0,0.0,0.0,0.0,0.0004977474796500703,0.0,0.0,0.0,3.1863224164911,0.0,0.0,0.0,33.76634794606941,0.0,0.0,0.0,0.0,0.0,0.0,0.0,0.0,0.0,0.0,0.0,0.0,100.0,Cristallin basement,99.9404067982045
FR000147,12.643061883530216,0.0,15.381322520988167,0.0,32.02508176643292,2.3363159477237834,0.0,2.9877322985829515,0.0,1.0137096280291,0.0,0.0,0.0,2.6990805497502146,0.0,0.0,0.0,30.91369540496264,0.0,0.0,0.0,0.0,0.0,0.0,0.0,0.0,0.0,0.0,0.0,0.0,100.0,Cristallin basement,99.94951499257849
FR000148,0.0,0.0,0.0,0.0,0.0,0.0,0.0,3.5876968898009007,0.0,32.37295531537845,0.0,0.0,0.0,0.0,0.0,0.0,0.0,64.03934779482064,0.0,0.0,0.0,0.0,0.0,0.0,0.0,0.0,0.0,0.0,0.0,0.0,100.0,Sandstone,100.00000000000011
FR000149,0.0,0.0,0.0,0.0,0.0,0.0,0.0,6.4978834512465475,0.0,88.40987501451949,0.0,0.0,0.0,0.0,0.0,0.0,0.0,5.092241534233981,0.0,0.0,0.0,0.0,0.0,0.0,0.0,0.0,0.0,0.0,0.0,0.0,100.0,Marl,99.99999999999993
FR000150,0.0,0.0,0.0,0.0,0.0,100.0,0.0,0.0,0.0,0.0,0.0,0.0,0.0,0.0,0.0,0.0,0.0,0.0,0.0,0.0,0.0,0.0,0.0,0.0,0.0,0.0,0.0,0.0,0.0,0.0,100.0,Dolomite rock,100.00000000000004
FR000151,4.17912923024314,0.0,11.411532662415809,0.0,0.0,0.0,0.0,0.0,0.0,0.0002891191689769518,0.0,0.0,0.0,0.0,0.0,0.0,0.0,84.40904898817207,0.0,0.0,0.0,0.0,0.0,0.0,0.0,0.0,0.0,0.0,0.0,0.0,100.0,Sandstone,99.99999999999983
FR000152,7.510820444281925,0.0,0.6343050019195208,0.0,0.0,0.0,0.0,10.096382540887792,0.0,24.892364443810454,0.0,0.0,0.0,0.0,0.0,0.0,0.0,56.866127569100314,0.0,0.0,0.0,0.0,0.0,0.0,0.0,0.0,0.0,0.0,0.0,0.0,100.0,Sandstone,100.00000000000003
FR000153,11.449919876483934,0.0,3.879545182862488,0.0,0.0,9.372141976326413,0.0,8.666339605887865,0.0,6.19182558756644,0.0,0.0,0.0,0.0,0.0,0.0,0.0,60.44022777087286,0.0,0.0,0.0,0.0,0.0,0.0,0.0,0.0,0.0,0.0,0.0,0.0,100.0,Sandstone,99.99999999999994
FR000154,1.7372620374763743,0.0,0.0,0.0,0.0,82.31758102376513,0.0,13.05681785754189,0.0,0.5544280634255723,0.0,0.0,0.0,0.0,0.0,0.0,0.0,2.333911017791041,0.0,0.0,0.0,0.0,0.0,0.0,0.0,0.0,0.0,0.0,0.0,0.0,100.0,Dolomite rock,100.00000000000011
FR000155,0.0,0.0,0.0,0.0,0.0,84.95802326515941,0.0,5.674834766869081,0.0,0.0,0.0,0.0,0.0,0.0,0.0,0.0,0.0,9.367141967971495,0.0,0.0,0.0,0.0,0.0,0.0,0.0,0.0,0.0,0.0,0.0,0.0,100.0,Dolomite rock,99.99999999999982
FR000156,10.492933345263511,0.0,6.510177981062383,0.0,12.685652557324476,22.160333724174595,0.0,14.375785385670497,0.0,7.206569674715935,0.0,0.0,0.0,1.0691494350609838,0.0,0.0,0.0,24.725539205523507,0.0,0.7738586912041122,0.0,0.0,0.0,0.0,0.0,0.0,0.0,0.0,0.0,0.0,100.0,Sandstone,99.97999597385179
FR000157,10.671422921882714,0.0,6.285850782728963,0.0,12.248531344126649,21.397986565069647,0.0,14.675532286047746,0.0,8.001563760697799,0.0,0.0,0.0,1.0323087683288816,0.0,0.0,0.0,23.92802926677545,0.0,1.7587743043421433,0.0,0.0,0.0,0.0,0.0,0.0,0.0,0.0,0.0,0.0,100.0,Sandstone,99.98068513786654
FR000158,10.656251684777232,0.0,6.288381085204782,0.0,12.253461860337808,21.40660009731128,0.0,14.676868600191655,0.0,7.9887993606106695,0.0,0.0,0.0,1.0327243132602835,0.0,0.0,0.0,23.937661240837183,0.0,1.7592517574691233,0.0,0.0,0.0,0.0,0.0,0.0,0.0,0.0,0.0,0.0,100.0,Sandstone,99.98067736437623
FR000159,10.671422921882714,0.0,6.285850782728963,0.0,12.248531344126649,21.397986565069647,0.0,14.675532286047746,0.0,8.001563760697799,0.0,0.0,0.0,1.0323087683288816,0.0,0.0,0.0,23.92802926677545,0.0,1.7587743043421433,0.0,0.0,0.0,0.0,0.0,0.0,0.0,0.0,0.0,0.0,100.0,Sandstone,99.98068513786654
FR000160,0.0,0.0,0.0,0.0,0.0,0.0,0.0,24.367278127726408,0.0,44.278152723001725,0.0,0.0,0.0,0.0,0.0,0.0,0.0,0.0,0.0,31.35456914927186,0.0,0.0,0.0,0.0,0.0,0.0,0.0,0.0,0.0,0.0,100.0,Marl,99.99999999999997
FR000161,10.229668259364715,0.0,2.950667013043155,0.0,17.06843059599363,16.65425439230965,0.0,22.439086598423273,0.0,11.809988643101175,0.0,0.0,0.0,0.43091147121862244,0.0,0.0,0.0,16.008632318730246,0.0,2.4083607078155405,0.0,0.0,0.0,0.0,0.0,0.0,0.0,0.0,0.0,0.0,100.0,Limestone,99.7809746335479
FR000162,0.0,0.0,0.0,0.0,0.0,0.0,0.0,74.42207572910499,0.0,23.861930494817354,0.0,0.0,0.0,0.0,0.0,0.0,0.0,0.0,0.0,1.7159937760776696,0.0,0.0,0.0,0.0,0.0,0.0,0.0,0.0,0.0,0.0,100.0,Limestone,99.99999999999994
FR000163,9.564498869028016,0.0,2.6302438493649682,0.0,15.21491052530653,14.845711151918211,0.0,27.02627049204721,0.0,13.588768908120885,0.0,0.0,0.0,0.38411730018449713,0.0,0.0,0.0,14.270199418286461,0.0,2.475279485743216,0.0,0.0,0.0,0.0,0.0,0.0,0.0,0.0,0.0,0.0,100.0,Limestone,99.772934349974
FR000164,9.564498869028016,0.0,2.6302438493649682,0.0,15.21491052530653,14.845711151918211,0.0,27.02627049204721,0.0,13.588768908120885,0.0,0.0,0.0,0.38411730018449713,0.0,0.0,0.0,14.270199418286461,0.0,2.475279485743216,0.0,0.0,0.0,0.0,0.0,0.0,0.0,0.0,0.0,0.0,100.0,Limestone,99.772934349974
FR000165,0.0,0.0,0.0,0.0,0.0,0.0,0.0,97.27717909851002,0.0,2.722820901489982,0.0,0.0,0.0,0.0,0.0,0.0,0.0,0.0,0.0,0.0,0.0,0.0,0.0,0.0,0.0,0.0,0.0,0.0,0.0,0.0,100.0,Limestone,100.00000000000013
FR000166,0.0,0.0,0.0,0.0,0.0,0.0,0.0,83.65498416268463,0.0,16.345015837315387,0.0,0.0,0.0,0.0,0.0,0.0,0.0,0.0,0.0,0.0,0.0,0.0,0.0,0.0,0.0,0.0,0.0,0.0,0.0,0.0,100.0,Limestone,100.00000000000004
FR000167,0.6622610665804238,0.0,0.0,0.0,0.0,0.0,0.0,81.2249000858233,0.0,18.112838847596283,0.0,0.0,0.0,0.0,0.0,0.0,0.0,0.0,0.0,0.0,0.0,0.0,0.0,0.0,0.0,0.0,0.0,0.0,0.0,0.0,100.0,Limestone,100.00000000000003
FR000168,9.798428019469661,0.0,2.5928206566854395,0.0,14.998432297127115,14.6344859041006,0.0,27.33382812783717,0.0,13.727514226742949,0.0,0.0,0.0,0.37865206708840404,0.0,0.0,0.0,14.067162569617556,0.0,2.468676131331102,0.0,0.0,0.0,0.0,0.0,0.0,0.0,0.0,0.0,0.0,100.0,Limestone,99.77615781556082
FR000169,0.0,0.0,0.0,0.0,0.0,78.83036935705397,0.0,11.457904733630778,0.0,0.0,0.0,0.0,0.0,0.0,0.0,0.0,0.0,9.71172590931526,0.0,0.0,0.0,0.0,0.0,0.0,0.0,0.0,0.0,0.0,0.0,0.0,100.0,Dolomite rock,100.00000000000004
FR000170,0.0,0.0,0.0,0.0,0.0,0.0,0.0,88.01727793546765,0.0,0.33657991918502345,0.0,0.0,0.0,0.0,0.0,0.0,0.0,11.646142145347325,0.0,0.0,0.0,0.0,0.0,0.0,0.0,0.0,0.0,0.0,0.0,0.0,100.0,Limestone,100.00000000000003
FR000171,1.341285964631519,0.0,0.0,0.0,0.0,45.22739434118258,0.0,21.99001699095314,0.0,15.075137981109874,0.0,0.0,0.0,0.0,0.0,0.0,0.0,6.4566469599949645,0.0,9.909517762127903,0.0,0.0,0.0,0.0,0.0,0.0,0.0,0.0,0.0,0.0,100.0,Dolomite rock,100.00000000000004
FR000172,1.341285964631519,0.0,0.0,0.0,0.0,45.22739434118258,0.0,21.99001699095314,0.0,15.075137981109874,0.0,0.0,0.0,0.0,0.0,0.0,0.0,6.4566469599949645,0.0,9.909517762127903,0.0,0.0,0.0,0.0,0.0,0.0,0.0,0.0,0.0,0.0,100.0,Dolomite rock,100.00000000000004
FR000173,0.0,0.0,0.0,0.0,0.0,0.0,0.0,35.149490526509915,0.0,64.85050947349009,0.0,0.0,0.0,0.0,0.0,0.0,0.0,0.0,0.0,0.0,0.0,0.0,0.0,0.0,0.0,0.0,0.0,0.0,0.0,0.0,100.0,Marl,98.46774198539781
FR000174,0.0,0.0,0.0,0.0,0.0,0.0,0.0,49.98466310552186,0.0,50.01533689447813,0.0,0.0,0.0,0.0,0.0,0.0,0.0,0.0,0.0,0.0,0.0,0.0,0.0,0.0,0.0,0.0,0.0,0.0,0.0,0.0,100.0,Marl,99.89714897247978
FR000175,0.0,0.0,0.0,0.0,0.0,0.0,0.0,39.6683625861306,0.0,60.33163741386941,0.0,0.0,0.0,0.0,0.0,0.0,0.0,0.0,0.0,0.0,0.0,0.0,0.0,0.0,0.0,0.0,0.0,0.0,0.0,0.0,100.0,Marl,99.62164771434666
FR000176,0.0,0.0,0.0,0.0,0.0,0.0,0.0,55.62418255834491,0.0,44.3758174416551,0.0,0.0,0.0,0.0,0.0,0.0,0.0,0.0,0.0,0.0,0.0,0.0,0.0,0.0,0.0,0.0,0.0,0.0,0.0,0.0,100.0,Limestone,99.3086368091129
FR000177,0.0,0.0,0.0,0.0,0.0,0.0,0.0,97.60302316541399,0.0,2.3969768345860043,0.0,0.0,0.0,0.0,0.0,0.0,0.0,0.0,0.0,0.0,0.0,0.0,0.0,0.0,0.0,0.0,0.0,0.0,0.0,0.0,100.0,Limestone,99.99999999999997
FR000178,4.693605523376711,0.0,0.0,0.0,0.0,0.0,0.0,46.86005957655261,0.0,38.77197243989288,0.0,0.0,0.0,0.0,0.0,0.0,0.0,0.0,0.0,9.6743624601778,0.0,0.0,0.0,0.0,0.0,0.0,0.0,0.0,0.0,0.0,100.0,Limestone,99.99999999999989
FR000179,0.0,0.0,0.0,0.0,0.0,7.802696681367724,0.0,52.43498702712187,0.0,0.0,0.0,0.0,0.0,0.0,0.0,0.0,0.0,39.76231629151041,0.0,0.0,0.0,0.0,0.0,0.0,0.0,0.0,0.0,0.0,0.0,0.0,100.0,Limestone,100.00000000000009
FR000180,0.4968334440775336,0.0,0.0,0.0,0.0,0.0,0.0,20.26977662944372,0.0,43.29032341047344,0.0,0.0,0.0,0.0,0.0,0.0,0.0,0.3864175288381407,0.0,35.55664898716718,0.0,0.0,0.0,0.0,0.0,0.0,0.0,0.0,0.0,0.0,100.0,Marl,100.00002444488575
FR000181,0.0,0.0,0.0,0.0,0.0,28.999657999518007,0.0,60.56063166657927,0.0,7.914553944822135,0.0,0.0,0.0,0.0,0.0,0.0,0.0,2.5251563890805637,0.0,0.0,0.0,0.0,0.0,0.0,0.0,0.0,0.0,0.0,0.0,0.0,100.0,Limestone,99.99999999999989
FR000182,0.0,0.0,0.0,0.0,0.0,20.365398087467213,0.0,79.48445353394072,0.0,0.15014837859205976,0.0,0.0,0.0,0.0,0.0,0.0,0.0,0.0,0.0,0.0,0.0,0.0,0.0,0.0,0.0,0.0,0.0,0.0,0.0,0.0,100.0,Limestone,100.00000000000048
FR000183,0.0,0.0,0.0,0.0,4.593848577489897,0.0,0.0,0.8071674202486809,0.0,28.012369760154872,0.0,0.0,0.0,0.0,0.0,0.0,0.0,66.58661424210655,0.0,0.0,0.0,0.0,0.0,0.0,0.0,0.0,0.0,0.0,0.0,0.0,100.0,Sandstone,99.99999999999402
FR000184,0.0,0.0,0.0,0.0,0.0,0.0,0.0,0.0,0.0,1.7176154750979629,0.0,0.0,0.0,0.0,0.0,0.0,0.0,98.28238452490203,0.0,0.0,0.0,0.0,0.0,0.0,0.0,0.0,0.0,0.0,0.0,0.0,100.0,Sandstone,99.92843259378603
FR000185,0.0,0.0,0.0,0.0,1.724947898008937,0.0,0.0,2.8691672291474775,0.0,20.61618978581037,0.0,0.0,0.0,0.0,0.0,0.0,0.0,74.78969508703322,0.0,0.0,0.0,0.0,0.0,0.0,0.0,0.0,0.0,0.0,0.0,0.0,100.0,Sandstone,99.9658278714435
FR000186,0.0,0.0,0.0,0.0,0.0,0.0,0.0,93.39147239081379,0.0,6.608527609186213,0.0,0.0,0.0,0.0,0.0,0.0,0.0,0.0,0.0,0.0,0.0,0.0,0.0,0.0,0.0,0.0,0.0,0.0,0.0,0.0,100.0,Limestone,100.00000000000003
FR000187,0.0,0.0,0.0,0.0,0.0,98.42268549593395,0.0,1.3348261149025125,0.0,0.0,0.0,0.0,0.0,0.0,0.0,0.0,0.0,0.24248838916354742,0.0,0.0,0.0,0.0,0.0,0.0,0.0,0.0,0.0,0.0,0.0,0.0,100.0,Dolomite rock,99.99999999999987
FR000188,0.0,0.0,0.0,0.0,0.0,0.0,0.0,4.068045379967714,0.0,31.411311196262766,0.0,0.0,0.0,0.0,0.0,0.0,0.0,64.52064342376953,0.0,0.0,0.0,0.0,0.0,0.0,0.0,0.0,0.0,0.0,0.0,0.0,100.0,Sandstone,99.84845414541002
FR000189,0.0,0.0,0.0,0.0,0.18221458592655168,38.57349820573683,0.0,27.662124908435448,0.0,17.328934336540645,0.0,0.0,0.0,0.0,0.0,0.0,0.0,16.253227963360526,0.0,0.0,0.0,0.0,0.0,0.0,0.0,0.0,0.0,0.0,0.0,0.0,100.0,Dolomite rock,99.97370727870864
FR000190,3.0104958015172407,1.6915603489906512,0.0,0.19153694651759443,0.08686976515224445,20.630828097248692,0.04137276347537094,15.128848508858065,7.024552661769133,10.90336610019264,0.0,0.0,0.0,0.0,0.0,0.03291135390841689,0.7686042669008084,21.2163003188687,11.973971382637714,2.178995362003837,0.0,2.107729104460989,1.5253820835723393,0.5955703092174782,0.0002993858707046842,0.0,0.26661366165187644,0.0,0.0,0.6241917771854736,100.0,Sandstone,99.90493361139553
FR000191,6.161283202124008,3.690721249695704,0.0,0.4179037886742415,0.0,0.6295986242330178,0.09026892679785183,0.5283930228615843,11.311855540565386,5.258667543664943,0.0,0.0,0.0,0.0,0.0,0.04354212673752575,1.1072053287036425,29.384351022352313,26.116312588792095,4.3992818871130615,0.0,4.569434053310119,3.3281461539961024,1.2994416647495775,0.0006532133456117888,0.0,0.3010508117351257,0.0,0.0,1.3618892505480957,100.0,Sandstone,99.82006332968561
FR000192,6.142273288780242,3.5250952128277344,0.0,0.39914979897211184,0.0,1.8497118440368363,0.0862179883534798,0.8415448718158478,12.721903608630655,5.100653758983042,0.0,0.0,0.0,0.0,0.0,0.04158811574606063,1.2833533716959713,28.06568909247322,24.952931312594732,4.540876193957189,0.0,4.392362223734167,3.17879115796404,1.2411274875162428,0.0006238995258070913,0.0,0.3353341177510648,0.0,0.0,1.3007726546415455,100.0,Sandstone,99.82812434888956
FR000193,6.11091036546437,3.4976520059500666,0.0,0.3960423792154738,0.0,1.877114273248826,0.085546772982516,1.1949719020662635,12.80422788307593,5.195540509382842,0.0,0.0,0.0,0.0,0.0,0.0412643482461309,1.2988925800578133,27.847194990774565,24.75867033101221,4.505525033981943,0.0,4.35816725936868,3.1540439616184046,1.231465190090198,0.0006190424077084661,0.0,0.35150515723041387,0.0,0.0,1.2906460138256497,100.0,Sandstone,99.8294601355022
FR000194,0.0,0.0,0.0,0.0,0.0,0.0,0.0,7.172724600509114,0.07808770320354512,92.74918769628734,0.0,0.0,0.0,0.0,0.0,0.0,0.0,0.0,0.0,0.0,0.0,0.0,0.0,0.0,0.0,0.0,0.0,0.0,0.0,0.0,100.0,Marl,99.99999999999486
FR000195,3.0630894551334933,1.7244172279555072,0.0,0.1952573613835387,0.08855712402242363,20.05195862735176,0.0421763882959474,14.518935982864226,7.158077664414537,11.115153152589151,0.0,0.0,0.0,0.0,0.0,0.030636940801734965,0.7460193941897705,21.62840587104428,12.20655387884173,2.221320181758015,0.0,2.1486696479759173,1.5550111148540209,0.6071386706872285,0.00030520114375917585,0.0,0.26200003246208714,0.0,0.0,0.6363160822308591,100.0,Sandstone,99.90308883079163
FR000196,0.7354918052454245,0.0,0.0,0.0,0.0,5.145288054931661,0.0,16.070077289988376,0.0,6.04838085796699,0.0,0.0,0.0,0.0,0.0,0.0,0.0,63.443161912771906,8.122668231593867,0.16392567819760634,0.0,0.0007648706333802941,0.0,0.0,0.0,0.0,0.2702412986707957,0.0,0.0,0.0,100.0,Sandstone,100.00000000000007
FR000197,0.7354918052454245,0.0,0.0,0.0,0.0,5.145288054931661,0.0,16.070077289988376,0.0,6.04838085796699,0.0,0.0,0.0,0.0,0.0,0.0,0.0,63.443161912771906,8.122668231593867,0.16392567819760634,0.0,0.0007648706333802941,0.0,0.0,0.0,0.0,0.2702412986707957,0.0,0.0,0.0,100.0,Sandstone,100.00000000000007
FR000198,0.0,0.0,0.0,0.0,0.0,60.83225561603772,0.0,12.387458596117314,0.0,12.402662735815264,0.0,0.0,0.0,0.0,0.0,0.0,0.0,6.9163255073218854,0.0,7.4612975447078105,0.0,0.0,0.0,0.0,0.0,0.0,0.0,0.0,0.0,0.0,100.0,Dolomite rock,100.00000000000003
FR000199,0.0,0.0,0.0,0.0,0.0,60.30110636692109,0.0,14.216635770983851,0.0,11.801511474313308,0.0,0.0,0.0,0.0,0.0,0.0,0.0,6.581094445069557,0.0,7.099651942712192,0.0,0.0,0.0,0.0,0.0,0.0,0.0,0.0,0.0,0.0,100.0,Dolomite rock,100.00000000000009
FR000200,0.0,0.0,0.0,0.0,0.0,52.753184822116104,0.0,20.80975466405427,0.0,9.380476076226921,0.0,0.0,0.0,0.0,0.0,0.0,0.0,12.142262252053543,0.0,4.914322185549151,0.0,0.0,0.0,0.0,0.0,0.0,0.0,0.0,0.0,0.0,100.0,Dolomite rock,100.00000000000016
FR000201,0.0,0.0,0.0,0.0,0.0,64.7196045533664,0.0,27.948100836725214,0.0,0.9523358099902308,0.0,0.0,0.0,0.0,0.0,0.0,0.0,6.37995879991817,0.0,0.0,0.0,0.0,0.0,0.0,0.0,0.0,0.0,0.0,0.0,0.0,100.0,Dolomite rock,100.00000000000007
FR003234,0.0,0.0,0.0,0.0,97.19209625998444,0.0,0.0,0.0,0.0,0.0,0.0,0.0,0.0,0.0,0.0,0.0,0.0,2.8079037400155578,0.0,0.0,0.0,0.0,0.0,0.0,0.0,0.0,0.0,0.0,0.0,0.0,100.0,Cristallin basement,99.99999999999993
FR003235,7.3843859712615245,0.0,0.02761577165927101,0.0,90.75132307898402,0.0,0.0,0.0,0.0,0.0,0.0,0.0,0.0,0.0,0.0,0.0,0.0,1.8366751780951909,0.0,0.0,0.0,0.0,0.0,0.0,0.0,0.0,0.0,0.0,0.0,0.0,100.0,Cristallin basement,99.63556128101739
FR003236,8.297092218436095,0.0,6.287679063781987,0.0,69.18112976511325,0.0,0.0,0.0,0.0,0.0,0.0,0.0,0.0,0.0,0.0,0.0,0.0,16.23409895266866,0.0,0.0,0.0,0.0,0.0,0.0,0.0,0.0,0.0,0.0,0.0,0.0,100.0,Cristallin basement,99.99999825936672
FR003237,13.358561336707398,0.0,1.8579829356883304,0.0,68.02452384307479,0.0,0.0,0.0,0.0,0.0,0.0,0.0,0.0,0.0,0.0,0.0,0.0,16.75893188452948,0.0,0.0,0.0,0.0,0.0,0.0,0.0,0.0,0.0,0.0,0.0,0.0,100.0,Cristallin basement,99.6249264375619
FR003238,3.7338598031226673,0.0,0.0,0.0,0.0,31.619351299805892,0.0,40.63703626933667,0.0,13.035563321504876,0.0,0.0,0.0,0.0,0.0,0.0,0.0,10.974189306229906,0.0,0.0,0.0,0.0,0.0,0.0,0.0,0.0,0.0,0.0,0.0,0.0,100.0,Limestone,99.9999999999999
FR003239,8.063782802684184,0.0,0.0,0.0,0.0,15.27547497612459,0.0,35.08746383197684,0.0,17.811745153923027,0.0,0.0,0.0,0.0,0.0,0.0,0.0,23.761533235291367,0.0,0.0,0.0,0.0,0.0,0.0,0.0,0.0,0.0,0.0,0.0,0.0,100.0,Limestone,99.44636548250763
FR003240,0.0,0.0,0.0,0.0,0.0,23.05448991648225,0.0,76.92254371693727,0.0,0.0,0.0,0.0,0.0,0.0,0.0,0.0,0.0,0.022966366580489724,0.0,0.0,0.0,0.0,0.0,0.0,0.0,0.0,0.0,0.0,0.0,0.0,100.0,Limestone,99.99999999999982
FR003241,15.86331602403657,0.0,1.1384487212761787,0.0,41.68113257807474,12.599830965092753,0.0,10.669517543230212,0.0,2.6911356949833953,0.0,0.0,0.0,0.0,0.0,0.0,0.0,15.356618473306163,0.0,0.0,0.0,0.0,0.0,0.0,0.0,0.0,0.0,0.0,0.0,0.0,100.0,Cristallin basement,99.74129545380083
FR003242,15.899404974124376,0.0,1.156933563421069,0.0,42.35790364534096,12.111785238447819,0.0,10.483687707131827,0.0,2.53474782256257,0.0,0.0,0.0,0.0,0.0,0.0,0.0,15.455537048971369,0.0,0.0,0.0,0.0,0.0,0.0,0.0,0.0,0.0,0.0,0.0,0.0,100.0,Cristallin basement,99.73710594511248
FR003243,0.0,0.0,0.0,0.0,0.0,89.14871784410919,0.0,3.12203729537756,0.0,0.0,0.0,0.0,0.0,0.0,0.0,0.0,0.0,7.729244860513258,0.0,0.0,0.0,0.0,0.0,0.0,0.0,0.0,0.0,0.0,0.0,0.0,100.0,Dolomite rock,100.00000000000048
FR003244,0.02469605588242517,0.0,0.0,0.0,0.0,1.1890255506861633,0.0,38.96270046125777,0.0,39.32760452778821,0.0,0.0,0.0,0.0,0.0,0.0,0.0,3.387393599516513,0.0,17.108579804868928,0.0,0.0,0.0,0.0,0.0,0.0,0.0,0.0,0.0,0.0,100.0,Marl,98.61569718541591
FR003245,0.0,0.0,0.0,0.0,0.0,0.47111395948861606,0.0,37.909744304862066,0.0,41.19385988633585,0.0,0.0,0.0,0.0,0.0,0.0,0.0,2.4853161841464724,0.0,17.939965665167,0.0,0.0,0.0,0.0,0.0,0.0,0.0,0.0,0.0,0.0,100.0,Marl,98.54940325397553
FR003246,0.10044615695168879,0.0,0.0,0.0,0.0,29.160425874462785,0.0,33.759373809641126,0.0,21.38517690919016,0.0,0.0,0.0,0.0,0.0,0.0,0.0,10.99610882668495,0.0,4.598468423069285,0.0,0.0,0.0,0.0,0.0,0.0,0.0,0.0,0.0,0.0,100.0,Limestone,99.31947008232527
FR003247,0.0,0.0,0.0,0.0,0.0,0.0,0.0,80.52617364644257,0.0,19.473826353557428,0.0,0.0,0.0,0.0,0.0,0.0,0.0,0.0,0.0,0.0,0.0,0.0,0.0,0.0,0.0,0.0,0.0,0.0,0.0,0.0,100.0,Limestone,97.46677599756538
FR003248,0.6013955751862883,0.0,0.0,0.0,0.0,0.0,0.0,32.88769940211301,0.0,66.5109050227007,0.0,0.0,0.0,0.0,0.0,0.0,0.0,0.0,0.0,0.0,0.0,0.0,0.0,0.0,0.0,0.0,0.0,0.0,0.0,0.0,100.0,Marl,99.02779828961027
FR003249,10.30122081202684,0.0,0.6666098529987223,0.0,24.40606514937638,15.764052889564425,0.0,22.936934612217126,0.0,11.63075190598913,0.0,0.0,0.0,0.0,0.0,0.0,0.0,12.290161761737197,0.0,2.0042030160901767,0.0,0.0,0.0,0.0,0.0,0.0,0.0,0.0,0.0,0.0,100.0,Cristallin basement,99.57745623606998
FR003250,3.6178171595264215,0.0,0.0,0.0,96.38218284047358,0.0,0.0,0.0,0.0,0.0,0.0,0.0,0.0,0.0,0.0,0.0,0.0,0.0,0.0,0.0,0.0,0.0,0.0,0.0,0.0,0.0,0.0,0.0,0.0,0.0,100.0,Cristallin basement,99.94725761899281
FR003251,6.740073620189986,0.0,22.948086089018844,0.0,47.23519059276992,0.0,0.0,0.0,0.0,0.0,0.0,0.0,0.0,4.084498397699527,0.0,0.0,0.0,18.992151300321723,0.0,0.0,0.0,0.0,0.0,0.0,0.0,0.0,0.0,0.0,0.0,0.0,100.0,Cristallin basement,99.93485742199249
FR003252,7.085388787491382,0.0,18.157427519282177,0.0,37.805142397387876,0.0,0.0,0.0,0.0,0.0004977196526579397,0.0,0.0,0.0,3.186225268640852,0.0,0.0,0.0,33.76531830754505,0.0,0.0,0.0,0.0,0.0,0.0,0.0,0.0,0.0,0.0,0.0,0.0,100.0,Cristallin basement,99.94040883356014
FR003253,12.643514454719485,0.0,15.381243007244969,0.0,32.024915507453485,2.33630422834901,0.0,2.987716709815687,0.0,1.013704279227352,0.0,0.0,0.0,2.6990665434707335,0.0,0.0,0.0,30.91353526971928,0.0,0.0,0.0,0.0,0.0,0.0,0.0,0.0,0.0,0.0,0.0,0.0,100.0,Cristallin basement,99.94951544040023
FR003254,0.0,0.0,0.0,0.0,0.0,0.0,0.0,3.5873279974127206,0.0,32.37985656517615,0.0,0.0,0.0,0.0,0.0,0.0,0.0,64.03281543741113,0.0,0.0,0.0,0.0,0.0,0.0,0.0,0.0,0.0,0.0,0.0,0.0,100.0,Sandstone,100.00000000000011
FR003255,0.0,0.0,0.0,0.0,0.0,0.0,0.0,2.7139310480807874,0.0,30.3146333486829,0.0,0.0,0.0,0.0,0.0,0.0,0.0,66.9714356032363,0.0,0.0,0.0,0.0,0.0,0.0,0.0,0.0,0.0,0.0,0.0,0.0,100.0,Sandstone,100.00000000000009
FR003256,2.4132310415255342,0.0,0.0,0.0,0.0,16.227711185641315,0.0,30.915757481032973,0.0,25.743496769472767,0.0,0.0,0.0,0.0,0.0,0.0,0.0,24.6998035223274,0.0,0.0,0.0,0.0,0.0,0.0,0.0,0.0,0.0,0.0,0.0,0.0,100.0,Limestone,99.99999999999999
FR003257,6.524235532397625,0.0,0.0,0.0,0.0,25.119402846810573,0.0,25.97483470615092,0.0,21.629209328116403,0.0,0.0,0.0,0.0,0.0,0.0,0.0,20.75231758652449,0.0,0.0,0.0,0.0,0.0,0.0,0.0,0.0,0.0,0.0,0.0,0.0,100.0,Limestone,99.99999999999976
FR003258,4.184730646049011,0.0,11.410865754887649,0.0,0.0,0.0,0.0,0.0,0.0,0.0002890889828984253,0.0,0.0,0.0,0.0,0.0,0.0,0.0,84.40411451008045,0.0,0.0,0.0,0.0,0.0,0.0,0.0,0.0,0.0,0.0,0.0,0.0,100.0,Sandstone,99.99999999999984
FR003259,11.435675106553573,0.0,0.5988425931333117,0.0,0.0,0.0,0.0,10.77788605629197,0.0,23.500702548873335,0.0,0.0,0.0,0.0,0.0,0.0,0.0,53.686893695147816,0.0,0.0,0.0,0.0,0.0,0.0,0.0,0.0,0.0,0.0,0.0,0.0,100.0,Sandstone,99.9999999999996
FR003260,11.753157430854271,0.0,2.4234385733135624,0.0,0.0,13.282465943535056,0.0,19.860684168219795,0.0,8.181363446508634,0.0,0.0,0.0,0.0,0.0,0.0,0.0,44.49889043756868,0.0,0.0,0.0,0.0,0.0,0.0,0.0,0.0,0.0,0.0,0.0,0.0,100.0,Sandstone,99.99999999999964
FR003261,11.613353750014223,0.0,2.367474401273577,0.0,0.0,13.913030105557581,0.0,20.642426550812132,0.0,7.992432216113957,0.0,0.0,0.0,0.0,0.0,0.0,0.0,43.47128297622853,0.0,0.0,0.0,0.0,0.0,0.0,0.0,0.0,0.0,0.0,0.0,0.0,100.0,Sandstone,99.99999999999953
FR003262,10.853460290188528,0.0,7.842979484321176,0.0,15.282732808907548,14.2330378846352,0.0,13.982338332117703,0.0,7.434059673185805,0.0,0.0,0.0,1.2880319015275632,0.0,0.0,0.0,29.083359625116472,0.0,0.0,0.0,0.0,0.0,0.0,0.0,0.0,0.0,0.0,0.0,0.0,100.0,Sandstone,99.97590170943194
FR003263,0.0,0.0,0.0,0.0,0.0,59.200695055464855,0.0,40.79930494453512,0.0,0.0,0.0,0.0,0.0,0.0,0.0,0.0,0.0,0.0,0.0,0.0,0.0,0.0,0.0,0.0,0.0,0.0,0.0,0.0,0.0,0.0,100.0,Dolomite rock,100.00000000000023
FR003264,0.0004356521050895173,0.0,0.0,0.0,0.0,83.9132273235418,0.0,13.531826616547454,0.0,0.6007607226035853,0.0,0.0,0.0,0.0,0.0,0.0,0.0,1.9537496852020684,0.0,0.0,0.0,0.0,0.0,0.0,0.0,0.0,0.0,0.0,0.0,0.0,100.0,Dolomite rock,100.00000000000013
FR003265,10.222251133229289,0.0,2.9928909403590485,0.0,17.312679041526806,16.892575824580625,0.0,21.978611637855654,0.0,11.648388012444443,0.0,0.0,0.0,0.437077797924131,0.0,0.0,0.0,16.237715078762058,0.0,2.277810533317942,0.0,0.0,0.0,0.0,0.0,0.0,0.0,0.0,0.0,0.0,100.0,Limestone,99.77784631956018
FR003266,0.0,0.0,0.0,0.0,0.0,0.0,0.0,81.04396827251688,0.0,18.95603172748313,0.0,0.0,0.0,0.0,0.0,0.0,0.0,0.0,0.0,0.0,0.0,0.0,0.0,0.0,0.0,0.0,0.0,0.0,0.0,0.0,100.0,Limestone,99.88475528418344
FR003267,0.0,0.0,0.0,0.0,0.0,0.0,0.0,58.63629368399287,0.0,41.36370631600713,0.0,0.0,0.0,0.0,0.0,0.0,0.0,0.0,0.0,0.0,0.0,0.0,0.0,0.0,0.0,0.0,0.0,0.0,0.0,0.0,100.0,Limestone,99.39098430139612
FR003268,0.0,0.0,0.0,0.0,0.0,97.55973955481781,0.0,1.0556818686579201,0.0,0.0,0.0,0.0,0.0,0.0,0.0,0.0,0.0,1.3845785765242729,0.0,0.0,0.0,0.0,0.0,0.0,0.0,0.0,0.0,0.0,0.0,0.0,100.0,Dolomite rock,100.00000000000028
FR003269,0.0,0.0,0.0,0.0,0.0,96.41004991350955,0.0,1.453976175799268,0.0,0.0,0.0,0.0,0.0,0.0,0.0,0.0,0.0,2.135973910691174,0.0,0.0,0.0,0.0,0.0,0.0,0.0,0.0,0.0,0.0,0.0,0.0,100.0,Dolomite rock,99.99999999999993
FR003270,0.0,0.0,0.0,0.0,0.0,90.32289485366816,0.0,4.602165528717773,0.0,0.0,0.0,0.0,0.0,0.0,0.0,0.0,0.0,5.07493961761407,0.0,0.0,0.0,0.0,0.0,0.0,0.0,0.0,0.0,0.0,0.0,0.0,100.0,Dolomite rock,100.00000000000028
FR003271,0.0,0.0,0.0,0.0,0.0,62.08367237471849,0.0,17.75688509842587,0.0,7.32971927079941,0.0,0.0,0.0,0.0,0.0,0.0,0.0,8.125133551707926,0.0,4.704589704348303,0.0,0.0,0.0,0.0,0.0,0.0,0.0,0.0,0.0,0.0,100.0,Dolomite rock,100.00000000000004
FR003272,8.880432828686104,0.0,2.173523259719191,0.0,12.572964179007858,18.40575901847343,0.0,27.013525112584592,0.0,14.347097015264318,0.0,0.0,0.0,0.3174184355614957,0.0,0.0,0.0,12.682526706616116,0.0,3.606753444086894,0.0,0.0,0.0,0.0,0.0,0.0,0.0,0.0,0.0,0.0,100.0,Limestone,99.8122876046787
FR003273,9.049702485480694,0.0,2.165619970787485,0.0,12.52724680828714,18.338832644035115,0.0,26.937857469082772,0.0,14.35448563455802,0.0,0.0,0.0,0.3162642497954705,0.0,0.0,0.0,12.636410948480906,0.0,3.673579789492377,0.0,0.0,0.0,0.0,0.0,0.0,0.0,0.0,0.0,0.0,100.0,Limestone,99.81296888130997
FR003274,0.0,0.0,0.0,0.0,0.0,0.0,0.0,28.81413195665382,0.0,71.18586804334616,0.0,0.0,0.0,0.0,0.0,0.0,0.0,0.0,0.0,0.0,0.0,0.0,0.0,0.0,0.0,0.0,0.0,0.0,0.0,0.0,100.0,Marl,97.9245338639825
FR003275,0.0,0.0,0.0,0.0,0.0,0.0,0.0,30.090775848764167,0.0,69.90922415123583,0.0,0.0,0.0,0.0,0.0,0.0,0.0,0.0,0.0,0.0,0.0,0.0,0.0,0.0,0.0,0.0,0.0,0.0,0.0,0.0,100.0,Marl,98.90078917857673
FR003276,0.0,0.0,0.0,0.0,0.0,0.0,0.0,57.50707943073372,0.0,42.492920569266275,0.0,0.0,0.0,0.0,0.0,0.0,0.0,0.0,0.0,0.0,0.0,0.0,0.0,0.0,0.0,0.0,0.0,0.0,0.0,0.0,100.0,Limestone,99.91260380592628
FR003277,0.0,0.0,0.0,0.0,0.0,0.0,0.0,38.604176435208856,0.0,61.395823564791144,0.0,0.0,0.0,0.0,0.0,0.0,0.0,0.0,0.0,0.0,0.0,0.0,0.0,0.0,0.0,0.0,0.0,0.0,0.0,0.0,100.0,Marl,99.28246899451493
FR003278,0.0,0.0,0.0,0.0,0.0,0.0,0.0,100.0,0.0,0.0,0.0,0.0,0.0,0.0,0.0,0.0,0.0,0.0,0.0,0.0,0.0,0.0,0.0,0.0,0.0,0.0,0.0,0.0,0.0,0.0,100.0,Limestone,96.91385437258263
FR003279,0.0,0.0,0.0,0.0,0.0,0.0,0.0,100.0,0.0,0.0,0.0,0.0,0.0,0.0,0.0,0.0,0.0,0.0,0.0,0.0,0.0,0.0,0.0,0.0,0.0,0.0,0.0,0.0,0.0,0.0,100.0,Limestone,99.41513320310013
FR003280,0.0,0.0,0.0,0.0,0.0,0.0,0.0,100.0,0.0,0.0,0.0,0.0,0.0,0.0,0.0,0.0,0.0,0.0,0.0,0.0,0.0,0.0,0.0,0.0,0.0,0.0,0.0,0.0,0.0,0.0,100.0,Limestone,98.85278216143843
FR003281,0.0,0.0,0.0,0.0,0.0,0.0,0.0,55.68157133050414,0.0,44.31842866949587,0.0,0.0,0.0,0.0,0.0,0.0,0.0,0.0,0.0,0.0,0.0,0.0,0.0,0.0,0.0,0.0,0.0,0.0,0.0,0.0,100.0,Limestone,99.30952352662118
FR003282,0.0,0.0,0.0,0.0,0.0,0.0,0.0,100.0,0.0,0.0,0.0,0.0,0.0,0.0,0.0,0.0,0.0,0.0,0.0,0.0,0.0,0.0,0.0,0.0,0.0,0.0,0.0,0.0,0.0,0.0,100.0,Limestone,99.46927189960125
FR003283,0.0034126268123206532,0.0,0.0,0.0,0.0,0.0,0.0,58.99181920510955,0.0,41.00476816807812,0.0,0.0,0.0,0.0,0.0,0.0,0.0,0.0,0.0,0.0,0.0,0.0,0.0,0.0,0.0,0.0,0.0,0.0,0.0,0.0,100.0,Limestone,99.33303357403446
FR003284,8.16746481914186,0.0,1.8908278309960658,0.0,10.937684002910585,16.011846777859034,0.0,30.595631757812768,0.0,17.69607225499446,0.0,0.0,0.0,0.27613397250160937,0.0,0.0,0.0,11.032996475647929,0.0,3.391342108135708,0.0,0.0,0.0,0.0,0.0,0.0,0.0,0.0,0.0,0.0,100.0,Limestone,99.76009745905489
FR003285,4.707064125558234,0.0,0.0,0.0,0.0,0.0,0.0,46.85344641636651,0.0,38.76649650171712,0.0,0.0,0.0,0.0,0.0,0.0,0.0,0.0,0.0,9.672992956358136,0.0,0.0,0.0,0.0,0.0,0.0,0.0,0.0,0.0,0.0,100.0,Limestone,100.00000000000013
FR003286,0.0,0.0,0.0,0.0,0.0,0.0,0.0,95.77542542833524,0.0,4.224574571664766,0.0,0.0,0.0,0.0,0.0,0.0,0.0,0.0,0.0,0.0,0.0,0.0,0.0,0.0,0.0,0.0,0.0,0.0,0.0,0.0,100.0,Limestone,99.99999999999987
FR003287,0.0,0.0,0.0,0.0,0.0,0.0,0.0,8.53565195034216,0.0,28.232196090852046,0.0,0.0,0.0,0.0,0.0,0.0,0.0,0.009012899103437428,0.0,63.22313905970236,0.0,0.0,0.0,0.0,0.0,0.0,0.0,0.0,0.0,0.0,100.0,Sandstone and marl,100.00000000000193
FR003288,0.18634450233231092,0.0,0.0,0.0,0.0,52.274371637258945,0.0,18.62319697561038,0.0,0.008668042267306149,0.0,0.0,0.0,0.0,0.0,0.0,0.0,28.770405539338455,0.0,0.13701330319260874,0.0,0.0,0.0,0.0,0.0,0.0,0.0,0.0,0.0,0.0,100.0,Dolomite rock,99.9999999999999
FR003289,0.0135130831737117,0.0,0.0,0.0,0.0,0.0,0.0,61.09891140249083,0.0,38.77726786333051,0.0,0.0,0.0,0.0,0.0,0.0,0.0,0.11030765100494849,0.0,0.0,0.0,0.0,0.0,0.0,0.0,0.0,0.0,0.0,0.0,0.0,100.0,Limestone,93.70053992632164
FR003290,0.0,0.0,0.0,0.0,0.0,0.0,0.0,100.0,0.0,0.0,0.0,0.0,0.0,0.0,0.0,0.0,0.0,0.0,0.0,0.0,0.0,0.0,0.0,0.0,0.0,0.0,0.0,0.0,0.0,0.0,100.0,Limestone,98.88132427000595
FR003291,0.0,0.0,0.0,0.0,0.0,0.0,0.0,100.0,0.0,0.0,0.0,0.0,0.0,0.0,0.0,0.0,0.0,0.0,0.0,0.0,0.0,0.0,0.0,0.0,0.0,0.0,0.0,0.0,0.0,0.0,100.0,Limestone,98.88132427000595
FR003292,0.0,0.0,0.0,0.0,1.7249484112893836,0.0,0.0,2.8691678111525363,0.0,20.61618806791153,0.0,0.0,0.0,0.0,0.0,0.0,0.0,74.78969570964657,0.0,0.0,0.0,0.0,0.0,0.0,0.0,0.0,0.0,0.0,0.0,0.0,100.0,Sandstone,99.96582748459333
FR003293,0.0,0.0,0.0,0.0,1.2797459059734337,0.0,0.0,20.68785947624533,0.0,22.545629757448197,0.0,0.0,0.0,0.0,0.0,0.0,0.0,55.48676486033304,0.0,0.0,0.0,0.0,0.0,0.0,0.0,0.0,0.0,0.0,0.0,0.0,100.0,Sandstone,99.97464504223612
FR003294,0.0,0.0,0.0,0.0,0.0,0.0,0.0,51.90754171503744,0.0,46.958705305259926,0.0,0.0,0.0,0.0,0.0,0.0,0.0,1.1337529797026342,0.0,0.0,0.0,0.0,0.0,0.0,0.0,0.0,0.0,0.0,0.0,0.0,100.0,Limestone,99.92699273678737
FR003295,0.0,0.0,0.0,0.0,0.4542366555142071,13.422507592427783,0.0,34.190850288357346,0.0,27.947287629853463,0.0,0.0,0.0,0.0,0.0,0.0,0.0,23.9851178338472,0.0,0.0,0.0,0.0,0.0,0.0,0.0,0.0,0.0,0.0,0.0,0.0,100.0,Limestone,99.9663975696974
FR003296,0.0,0.0,0.0,0.0,0.3686007893838969,22.575801309488583,0.0,34.760822425320455,0.0,22.831499538699553,0.0,0.0,0.0,0.0,0.0,0.0,0.0,19.463275937107515,0.0,0.0,0.0,0.0,0.0,0.0,0.0,0.0,0.0,0.0,0.0,0.0,100.0,Limestone,99.9727308070026
FR003297,0.0,0.0,0.0,0.0,0.0,98.43347546294873,0.0,1.3256947304148745,0.0,0.0,0.0,0.0,0.0,0.0,0.0,0.0,0.0,0.2408298066363798,0.0,0.0,0.0,0.0,0.0,0.0,0.0,0.0,0.0,0.0,0.0,0.0,100.0,Dolomite rock,99.99999999999997
FR003298,0.0,0.0,0.0,0.0,0.24761904797151582,47.15629520310584,0.0,24.108542556377643,0.0,15.337770136044837,0.0,0.0,0.0,0.0,0.0,0.0,0.0,13.149773056500155,0.0,0.0,0.0,0.0,0.0,0.0,0.0,0.0,0.0,0.0,0.0,0.0,100.0,Dolomite rock,99.98167943148084
FR003299,0.0,0.0,0.0,0.0,0.0,0.0,0.0,4.0678345934496125,0.0,31.880786618929292,0.0,0.0,0.0,0.0,0.0,0.0,0.0,64.0513787876211,0.0,0.0,0.0,0.0,0.0,0.0,0.0,0.0,0.0,0.0,0.0,0.0,100.0,Sandstone,99.84999424289097
FR003300,0.0,0.0,0.0,0.0,0.0,0.0,0.0,19.129507536386885,0.0,38.673311260152005,0.0,0.0,0.0,0.0,0.0,0.0,0.0,42.197181203461106,0.0,0.0,0.0,0.0,0.0,0.0,0.0,0.0,0.0,0.0,0.0,0.0,100.0,Sandstone,99.91783962192304
FR003301,0.0,0.0,0.0,0.0,0.1894111075481086,39.00963557192287,0.0,25.89248228185449,0.0,18.013330773498218,0.0,0.0,0.0,0.0,0.0,0.0,0.0,16.895140265176316,0.0,0.0,0.0,0.0,0.0,0.0,0.0,0.0,0.0,0.0,0.0,0.0,100.0,Dolomite rock,99.97266896760671
FR003302,0.0,0.0,0.0,0.0,0.1848290412023242,38.46232640738654,0.0,27.28884843503476,0.0,17.57756817339957,0.0,0.0,0.0,0.0,0.0,0.0,0.0,16.486427942976793,0.0,0.0,0.0,0.0,0.0,0.0,0.0,0.0,0.0,0.0,0.0,0.0,100.0,Dolomite rock,99.97332995948696
FR003303,0.0,0.0,0.0,0.0,0.0,0.0,0.0,0.0,0.008688346040248185,2.2059569825931695,0.0,0.0,0.0,0.0,0.0,0.0,0.0,97.55664196850428,0.2287127028623025,0.0,0.0,0.0,0.0,0.0,0.0,0.0,0.0,0.0,0.0,0.0,100.0,Sandstone,99.8002492128768
FR003304,6.110910306246602,3.4976518874356737,0.0,0.39604248786700885,0.0,1.8771143395415695,0.0855467395123642,1.1949723760832962,12.804228111422294,5.195540954026301,0.0,0.0,0.0,0.0,0.0,0.04126434948175544,1.2988925666205522,27.847194149591086,24.758670170234126,4.505525026221075,0.0,4.358167387535521,3.154044101694976,1.2314651756874113,0.0006190423870715536,0.0,0.3515051408491783,0.0,0.0,1.2906456875621368,100.0,Sandstone,99.82946051387174
FR003305,5.992119972662973,3.4193358965986445,0.0,0.38717469288652917,0.0,2.4262831577781854,0.08363126081882846,1.632746719276285,13.486966328626588,5.205145819255928,0.0,0.0,0.0,0.0,0.0,0.04034039863704217,1.2881739101936054,27.2236670885675,24.204298309170877,4.4046417285043775,0.0,4.2605835775472976,3.083421839412313,1.20389141519921,0.000605181397049138,0.0,0.39522588837507544,0.0,0.0,1.261746815091705,100.0,Sandstone,99.8332727002231
FR003306,0.4339569477202094,0.0,0.0,0.0,0.0,0.0,0.0,2.539723414490793,0.0,3.6000253890194545,0.0,0.0,0.0,0.0,0.0,0.0,0.10915386575944945,90.14607708043123,3.1710633025788777,0.0,0.0,0.0,0.0,0.0,0.0,0.0,0.0,0.0,0.0,0.0,100.0,Sandstone,99.99999999999962
FR003307,0.0,0.0,0.0,0.0,0.0,45.517357183571164,0.0,46.02199070794473,0.0,4.106921999162527,0.0,0.0,0.0,0.0,0.0,0.0,0.0,4.353730109321587,0.0,0.0,0.0,0.0,0.0,0.0,0.0,0.0,0.0,0.0,0.0,0.0,100.0,Limestone,99.99999999999999
FR003308,0.0,0.0,0.0,0.0,0.0,55.00231017827433,0.0,29.96259514265958,0.0,5.622820388784025,0.0,0.0,0.0,0.0,0.0,0.0,0.0,7.308441591190555,0.0,2.1038326990915133,0.0,0.0,0.0,0.0,0.0,0.0,0.0,0.0,0.0,0.0,100.0,Dolomite rock,99.99999999999984
FR003309,0.0,0.0,0.0,0.0,0.0,54.60050902336959,0.0,30.109307444662985,0.0,5.718218444709951,0.0,0.0,0.0,0.0,0.0,0.0,0.0,7.4324382817194765,0.0,2.1395268055379986,0.0,0.0,0.0,0.0,0.0,0.0,0.0,0.0,0.0,0.0,100.0,Dolomite rock,100.00000000000016
LU000001,0.6310024940989238,0.0,0.0,0.0,0.0,0.0,0.0,0.0,0.0,0.0,0.0,0.0,0.0,0.0,0.0,0.0,0.0,0.0,0.0,0.0,0.0,0.0,0.0,0.0,99.36899750590108,0.0,0.0,0.0,0.0,0.0,100.0,Schist,99.17602667858777
LU000002,6.857316392826815,0.0,0.0,0.0,0.0,3.1278842644313256,0.0,0.0,0.0,46.06625126852377,5.4949747584077455,1.7314178052309546,2.9251720033414452,0.0,0.0,0.0,0.0,12.724259937567272,0.0,0.0,0.0,0.0,0.0,0.0,21.072723569670675,0.0,0.0,0.0,0.0,0.0,100.0,Marl,99.6662678926861
LU000003,4.756031653299594,0.0,0.0,0.0,0.0,1.0892334004856856,0.0,3.901447527718957,0.0,16.8951558171173,0.7606704678121606,4.604009979040455,1.209539209791582,0.0,0.23681273899360117,0.0,0.02356558305727952,11.81882061118156,0.722778502557167,0.1949219371457669,0.48982026467393003,0.0,0.0,0.0,52.90836044943815,0.3643780145306459,0.024453843156173674,0.0,0.0,0.0,100.0,Schist,99.65916166288777
LU000004,3.7958019988948237,0.0,0.0,0.0,0.0,0.0,0.0,0.0,0.0,0.0,0.0,0.0,0.0,0.0,0.0,0.0,0.0,0.0,0.0,0.0,0.0,0.0,0.0,0.0,96.20419800110517,0.0,0.0,0.0,0.0,0.0,100.0,Schist,99.24776749640779
LU000005,3.1023858346085897,0.0,0.0,0.0,0.0,0.0,0.0,0.0,0.0,0.0,0.0,0.0,0.0,0.0,0.29205303874833083,0.0,0.0,0.6813855228729399,0.0,0.0,0.0009610195809838502,0.0,0.0,0.0,93.28337012568593,2.6398444585032173,0.0,0.0,0.0,0.0,100.0,Schist,99.5040292641371
LU000006,5.312625091984446,0.0,0.0,0.0,0.0,0.7383189770815232,0.0,5.837740755652961,0.0,21.34708162402813,1.051589896414582,5.073174188315307,1.5081522067364643,0.0,0.0,0.0,0.0,11.208710235450177,0.0,1.6174334136714135e-05,0.0,0.0,0.0,0.0,47.92259085000229,0.0,0.0,0.0,0.0,0.0,100.0,Schist,99.59286900622463
LU000007,7.54733851129019,0.0,0.0,0.0,0.0,1.2644828582341068,0.0,11.371111482432115,0.0,40.97591886183897,1.9078833392746928,9.881841568464445,2.937671882512052,0.0,0.0,0.0,0.0,18.599980797598338,0.0,3.150538667729065e-05,0.0,0.0,0.0,0.0,5.513739192968425,0.0,0.0,0.0,0.0,0.0,100.0,Marl,99.60185217940617
LU000008,0.903041093259359,0.0,0.0,0.0,0.0,0.0,0.0,0.0,0.0,0.0,0.0,0.0,0.0,0.0,0.0,0.0,0.0,0.0,0.0,0.0,0.0,0.0,0.0,0.0,99.09695890674065,0.0,0.0,0.0,0.0,0.0,100.0,Schist,99.40996783420391
LU000009,7.569752041420008,0.0,0.0,0.0,0.0,0.0,0.0,40.788206420926116,0.0,49.077230118598514,0.0,1.0759238507775932,0.0,0.0,0.0,0.0,0.0,1.4888875682777616,0.0,0.0,0.0,0.0,0.0,0.0,0.0,0.0,0.0,0.0,0.0,0.0,100.0,Marl,98.91006447207367
LU000010,8.017531012785579,0.0,0.0,0.0,0.0,0.0,0.0,1.5447376211592796,0.0,14.915857608539982,0.0,30.11068143472222,10.967244109512029,0.0,0.0,0.0,0.0,34.443948213280905,0.0,0.0,0.0,0.0,0.0,0.0,0.0,0.0,0.0,0.0,0.0,0.0,100.0,Sandstone,100.00668565468511
LU000011,2.7222356919641966,0.0,0.0,0.0,0.0,0.0,0.0,0.0,0.0,0.0,0.0,0.0,0.0,0.0,0.0,0.0,0.0,0.0,0.0,0.0,0.0,0.0,0.0,0.0,97.2777643080358,0.0,0.0,0.0,0.0,0.0,100.0,Schist,99.56417164948496
LU000012,4.004154376456467,0.0,0.0,0.0,0.0,0.0,0.0,0.0,0.0,21.55871199231289,0.0,20.058662821389362,3.2356592208818244,0.0,0.0,0.0,0.0,51.14281158895945,0.0,0.0,0.0,0.0,0.0,0.0,0.0,0.0,0.0,0.0,0.0,0.0,100.0,Sandstone,99.99999999999825
LU000013,6.58100723521098,0.0,0.0,0.0,0.0,0.0,0.0,48.751047323717444,0.0,44.62485168109687,0.0,0.0,0.0,0.0,0.0,0.0,0.0,0.043093759974703404,0.0,0.0,0.0,0.0,0.0,0.0,0.0,0.0,0.0,0.0,0.0,0.0,100.0,Limestone,98.70004884715023
LU000014,8.064431688994521,0.0,0.0,0.0,0.0,0.0,0.0,17.315187426913308,0.0,35.19424604997911,0.0,14.209326982841883,3.0707618957818905,0.0,0.0,0.0,0.0,22.14604595548927,0.0,0.0,0.0,0.0,0.0,0.0,0.0,0.0,0.0,0.0,0.0,0.0,100.0,Marl,99.52696464941427
LU000015,1.91702302460008,0.0,0.0,0.0,0.0,0.0,0.0,0.0,0.0,0.0,0.0,0.0,0.0,0.0,0.0,0.0,0.0,0.0,0.0,0.0,0.0,0.0,0.0,0.0,98.08297697539992,0.0,0.0,0.0,0.0,0.0,100.0,Schist,99.53441586168353
LU000016,6.722070898574783,0.0,0.0,0.0,0.0,0.0,0.0,32.255373709133266,0.0,47.543179355681545,0.0,5.873562684490714,0.0,0.0,0.0,0.0,0.0,7.605813352119685,0.0,0.0,0.0,0.0,0.0,0.0,0.0,0.0,0.0,0.0,0.0,0.0,100.0,Marl,99.13610759310376
LU000017,4.529047267093716,0.0,0.0,0.0,0.0,2.1134279596659833,0.0,4.406745785751788,0.009270800977892991,16.487485975110975,0.6576729960307709,3.7297331804388323,0.9436312952277246,0.0,0.8042681302084052,0.0,0.24195598662133358,11.623791169329452,2.358341507695098,0.1602128516319708,1.3055940511632194,0.5473505865478947,0.0,0.0,49.59256245936765,0.278068367609579,0.2108396295277319,0.0,0.0,0.0,100.0,Schist,99.73968534141882
LU000018,7.403602201357934,0.0,0.0,0.0,0.0,0.0,0.0,0.0,0.0,28.585995247192326,0.0,31.27306353996935,0.641803024089075,0.0,0.0,0.0,0.0,32.09553598739132,0.0,0.0,0.0,0.0,0.0,0.0,0.0,0.0,0.0,0.0,0.0,0.0,100.0,Sandstone,99.83694780815581
LU000019,3.051512185402316,0.0,0.0,0.0,0.0,0.0,0.0,0.0,0.0,0.0,0.0,0.0,0.0,0.0,1.2056695466939842,0.0,0.0,0.4788394893444317,0.0,0.0,2.493790574699201,0.0,0.0,0.0,90.91505373148573,1.855134472374345,0.0,0.0,0.0,0.0,100.0,Schist,99.65094499991011
