,nse_nogeo,nse_g1comp,nse_c1comp,nse_r1comp,nse_rand,bfi_obs,bfi_r1comp,bfi_c1comp,bfi_g1comp,bfi_nogeo,bfi_rand,hfd_obs,hfd_r1comp,hfd_c1comp,hfd_g1comp,hfd_nogeo,hfd_rand,slope_obs,slope_r1comp,slope_c1comp,slope_g1comp,slope_nogeo,slope_rand,qmean_obs,qmean_r1comp,qmean_c1comp,qmean_g1comp,qmean_nogeo,qmean_rand,p_mean
BEWA0066,0.8566728643617766,0.7491576696527243,0.894250691133925,0.9165356082492087,0.7726438158155932,0.5376415836181221,0.542708413299685,0.5744035278351338,0.7188291621420572,0.6180156533439314,0.7059937230915163,111.0,116.0,117.0,135.0,124.0,129.0,3.23152612468825,3.588222811876876,3.5741898831766123,1.9421917682769327,2.25159917884571,2.0982383939657887,1.6179740954188773,1.744827424604652,1.7621998569473691,1.650789441875714,1.701487953477532,1.7038624367165245,2.799
BEWA0067,0.7798143042318033,0.689315243792612,0.8474951931343138,0.8750948201650396,0.791520058213761,0.49599591051386516,0.5665043514913068,0.5902631735866849,0.7143682563813901,0.645194318640293,0.6476792086370065,,,,,,,4.059478627463189,3.2402948505625786,3.4034521245952702,1.6466228635774727,1.9322144173619578,2.272554237774314,1.7292409410786576,1.9732764007895032,1.9744744275900303,1.9507320671282415,1.972265548943763,1.950794807655214,2.875
BEWA0106,0.716112059817414,0.6507176049055393,0.7653687208058205,0.7873330375472898,0.7329956427107658,0.5075647914873822,0.536039293723176,0.5711363768762835,0.695186257041029,0.641479856405681,0.6333629269079891,126.25,126.625,129.75,140.25,135.5,135.5,4.169902423904824,3.74412861808653,3.1353715868304737,2.6870589016617963,2.183398595448646,2.298960207211798,1.2361987019795009,1.4024802533582301,1.354018826954798,1.3318377961058836,1.3517287129505668,1.29775460196282,2.487
BEWA0107,0.7936416515203982,0.6493300964321267,0.8353970783340999,0.8382116900277443,0.8059426551699481,0.5780388719788524,0.5565310844808129,0.571962884751283,0.7710603904734668,0.644799449223223,0.6718149205762283,121.0,120.875,120.875,139.0,129.75,127.625,3.2648952067661168,3.5428103556156527,3.5470050854929536,1.2912780268245645,2.0414870196484665,2.2908095354456575,1.4657256924161086,1.4989525942565123,1.5156767911926536,1.372940424105655,1.4098846564083933,1.4537299138508226,2.928
BEWA0119,0.7924350762097158,0.6970073055172928,0.8538411363172403,0.8672677370376669,0.8324353786485942,0.5271118298820672,0.5803579215687819,0.5941497511901443,0.7354590862270328,0.66665818371814,0.6360941279351101,111.42857142857143,118.28571428571429,117.71428571428571,134.14285714285714,127.14285714285714,120.71428571428571,3.137418138681719,3.209920702161736,3.295509578103243,1.3946696987007623,1.8895519273972552,2.4345441389190996,1.3990538145248927,1.4908032305016332,1.5092617999352962,1.416895777048427,1.4212477505430217,1.476525231205055,2.77
DEBU1956,0.8922770107388818,0.8888608228439204,0.8895979027721748,0.8717369805619112,0.8971821670152905,0.5855015287887154,0.5550926466478838,0.5676772589822391,0.5643859687323252,0.6059668615519994,0.5955895999672299,128.4,125.0,126.7,126.7,128.5,127.2,2.5119657820676053,2.82325011558571,2.7612821209234064,2.9584399302138134,2.2875025689788835,2.596082468870116,1.078042831605601,0.9271529274248036,0.9476454083506567,0.9421527712589858,0.9366371928433047,0.9433805086800251,2.503
DEBU1957,0.9043364998649495,0.9038458955224715,0.892011660422002,0.9156295126577659,0.8840470024762227,0.60470571951811,0.6450358633937684,0.6467742916528365,0.6166123554001631,0.6337685158901413,0.6067748463211282,132.7,133.4,133.5,129.2,129.6,128.3,1.850960303884523,1.9316985007901495,2.0476550542558214,2.4064071917567906,2.1649381720361562,2.6558105059465187,0.8652636621573079,0.8813799501803219,0.8691079156676992,0.8763157896324552,0.8653494697834918,0.8732311716515996,2.311
DEBU1958,0.9112112015008048,0.9319687989235056,0.92961562696413,0.933072843798962,0.924215465113798,0.5916392394365082,0.6138900203308639,0.6204455984374383,0.6180818615617258,0.674216332659861,0.6615979795182096,128.2,129.7,128.8,129.3,132.8,131.3,2.20965789078769,2.535604976521177,2.4175957410389692,2.382221497641601,1.7393805375850258,2.0036576423132213,0.9724332269493163,0.9373774972630295,0.9345574865677829,0.9285503787936394,0.9213220183598879,0.9354177597216697,2.412
DEBU1959,0.9172194366002049,0.9025989568651746,0.8695868195802141,0.9023100884195443,0.9093157524821147,0.6024435775363216,0.6307349495919659,0.6358195998784608,0.6192115742185201,0.6348172652262614,0.6580104310721836,129.8,131.4,131.3,129.7,129.7,132.6,2.3679993170375933,2.1486320872576097,2.2409734445726555,2.5052479395883163,2.208884693486689,2.256331926478993,1.0290214624595224,0.9591798649296819,0.9421289682123123,0.9445855734808284,0.9379943638220166,0.9661369491914155,2.39
DERP2003,0.8650609356060214,0.8531909623888142,0.8817033606155111,0.8789992065030273,0.8758906873477011,0.5471030344699008,0.6253099278147417,0.6480073864017191,0.6745132222795581,0.671159719519085,0.6597372945603381,122.1,131.2,132.5,134.6,133.2,132.3,2.114375401309403,2.7623666142308925,2.1149643281670922,1.7985204080678832,1.6864206156639758,1.983213303003989,1.080341110786078,0.9935913378576142,0.9856667107123483,0.967640941005567,0.9759051129023047,0.9837681473752341,2.4
DERP2004,0.8152826709236805,0.7802433542317928,0.9001552915546351,0.887311265367786,0.8586948822580576,0.4990462983297058,0.518930672916463,0.5272792918866641,0.67075344753065,0.6356319860837862,0.5808612995786324,122.5,125.2,125.2,135.6,133.0,129.7,3.169872610873696,3.730923763390549,3.5713247178114513,1.8648449679378962,1.9754333932088874,2.524894903417895,1.2515319559543032,1.340444170343149,1.3346198619406264,1.3091325644827574,1.314743854432135,1.3363586380272994,2.661
DERP2005,0.783652952264817,0.8713887493672876,0.8276399723968278,0.8868079587875994,0.7957413307239314,0.44413080470371274,0.5157119506811667,0.5915363263371197,0.534399711999116,0.631354523392808,0.6226235939983162,115.7,122.5,128.9,127.2,131.9,132.1,3.725717892210748,3.6482531923071444,3.430973186356156,2.8208146173217683,1.97227289618984,2.359469388124667,1.1706002527824786,1.1164716946384856,1.1629300144367987,1.102762799204911,1.1239446577735508,1.1169625607787261,2.484
DERP2006,0.7963677253223581,0.8676045542302075,0.8458634944879244,0.8703172768121932,0.7690577517723338,0.4301263434396997,0.5129462571034646,0.5460044606613547,0.49894060182253697,0.6016069220482387,0.6350714920438314,121.9,125.9,127.0,128.8,132.3,133.9,4.242247487517958,3.4452394964828237,3.466024255713196,2.8944371186106355,2.264921329369401,2.2192780429344774,1.490417361871578,1.4634509627133245,1.4609499866555158,1.4530235227219244,1.4205003126347242,1.4150156437773427,2.726
DERP2007,0.8070994454809193,0.8944574849049023,0.8167097030318494,0.826262404711501,0.870740884323196,0.5010914000926404,0.6422619159801436,0.6638702551872272,0.5350760597800953,0.6763744400898605,0.6035579614878529,120.7,132.8,134.4,127.8,134.3,131.2,2.8876316990102096,2.7266280647731236,2.081433808162621,3.1652543285754113,1.7590232891747806,2.5739081266175288,1.1970135515181681,1.144413715160958,1.1343455604823833,1.1391879849813604,1.1274496432311536,1.168330808345666,2.443
DERP2008,0.7536635714496508,0.8356309832487587,0.8270244512894296,0.8361578149563655,0.8031716106646587,0.451719887514566,0.5144477150055219,0.5430215706526648,0.5122466820097221,0.6386609345053369,0.5876908036062917,117.3,119.1,120.5,123.0,130.4,126.3,3.5508084062989282,3.8073408309371377,3.4419793746735747,2.901486310408917,1.9969333672609042,2.433240542992703,1.0891698312051215,1.1117996358824684,1.1076852820805867,1.1017756760521245,1.0953558491363597,1.1031890576567167,2.43
DERP2010,0.799200993696822,0.8096089473160244,0.7766189707629421,0.8073807247462875,0.7814252592109441,0.596585357270053,0.624756372287617,0.6947704562856598,0.5846039346823573,0.672427353311721,0.690298572011495,132.5,133.5,138.0,131.3,135.2,136.4,1.9493438430897971,2.50751176716451,1.796263558243199,2.6522696155694763,1.7755744350046148,1.8134220405084944,1.0166761892650953,1.2260968697164292,1.2085919127118325,1.2179795936439757,1.2141137578327725,1.2057846233620102,2.439
DERP2011,0.889332894632468,0.8929837575302337,0.8888853022698449,0.8967137544433235,0.8958759837430076,0.5664916891032634,0.5997194638589972,0.609477442543144,0.5804858986540706,0.6181615570587484,0.6195300036500039,127.5,130.1,131.3,130.7,131.9,131.3,1.9395270761204841,2.501837539439435,2.5370171106311563,2.7314286594218293,2.2527694569771626,2.363080124128733,0.9003451920901399,0.9220979707906045,0.9385986086960376,0.9323156069069995,0.9316303355689938,0.9162235192830264,2.351
DERP2013,-0.3816923049933014,0.3215705693992479,0.5475581147833719,0.5721972159120049,0.02894605975771758,0.8173992052265514,0.8282679499169798,0.8247906437484772,0.766391369739063,0.6623650909203572,0.7200352398848826,157.2,160.0,159.1,146.6,135.5,141.5,0.8428515398521657,0.9844183748145736,0.9982852371716975,1.1955396033453958,1.6926382567614788,1.4273988327155775,0.8302861766578699,0.8277328115131927,0.8347630457640518,0.8208492268199574,0.8248448284147628,0.8287109382126974,2.214
DERP2014,0.7788044453761589,0.816034375850487,0.8137575533191501,0.8103774197633407,0.7916383435612363,0.6985572712779137,0.7353833891399955,0.7329692253626444,0.7318254085169943,0.6693499520477421,0.6758356547951699,145.0,142.0,140.9,141.1,134.7,136.4,1.4325798017308462,1.4326808445610062,1.4427720707487979,1.445244909401619,1.6990291979940144,1.782513421307094,0.8644703407688656,0.955612311077503,0.961421976018154,0.9571857100912086,0.9712023116594797,0.9869218304722462,2.399
DERP2015,0.7249984263756362,0.7653897019410748,0.6838477643787012,0.7923208711890417,0.74886405370353,0.6906820808612737,0.6625270181626493,0.5813975088017351,0.6414351757830283,0.6069679558424752,0.6454559687124661,143.2,133.7,129.3,133.1,130.2,131.5,1.4170838690516157,1.8036039406679685,2.254687794463962,2.017341950229805,2.121132156357648,2.18202643841115,0.9886438690179904,0.9019080182937992,0.9233314697121094,0.9082403654553537,0.9153062876791465,0.9193846575893907,2.41
DERP2016,0.852374269965993,0.8506323844364583,0.7962712097222411,0.8519075742456048,0.8653077296403027,0.6389662645541531,0.6127846370109532,0.5430610855495517,0.607133317735642,0.6204124577733791,0.6693059846272362,134.4,130.0,126.4,131.5,131.3,135.1,1.9298865823745315,2.0277004189201504,2.7820510541959296,2.0381626303663345,2.024328155120278,1.8275906536989504,0.8825808061127522,0.7882700558389449,0.8209490057450576,0.8126181797556536,0.8112476022018595,0.8036635444512518,2.214
DERP2017,0.8977098015182539,0.8669715132815811,0.8850384941951485,0.9149573158291061,0.8999458590026458,0.5743431615270846,0.583148702168918,0.5409442396856659,0.6524672318937552,0.6124806103224925,0.6301058488706239,130.5,128.3,123.6,133.3,130.3,131.3,2.584812355163298,2.6192680976041163,3.1475014978586753,2.551697836893614,2.1674795647682625,2.4305455566638594,1.3747140690422512,1.2983602578615363,1.2802571831271252,1.262392113013482,1.2638911615726927,1.3402904096137078,2.579
DERP2018,0.873682988262717,0.8383230603680218,0.8805555696834021,0.8865702055328281,0.8536019189061703,0.5594831010497038,0.5760022723724152,0.5457293014097898,0.6551619566751501,0.6177024773796698,0.6532487456643827,128.9,128.2,124.2,133.5,130.6,133.2,2.9558650623648393,2.7329025698680987,3.1097933608909134,2.5419543091465115,2.1671043621019237,2.101286106328054,1.019950819711299,1.205250344690725,1.1876094251579234,1.1739018772390737,1.170936541847851,1.1698032995661254,2.554
DERP2021,0.7803580996766983,0.8969481006409243,0.8593359392867237,0.8760384776219019,0.8273130800501762,0.4591250192938142,0.5539649689258248,0.593746319593113,0.5173296068097504,0.6542385300580396,0.6250167949610874,121.6,129.7,130.7,129.2,137.6,133.7,3.404240078415082,3.2748446114492866,3.0492833877449277,2.97868457384004,1.808378245097873,2.1100612694269274,1.464481551653921,1.32726139746829,1.3378979906833395,1.3112018494496827,1.2816729707156054,1.3166202994347052,2.619
DERP2022,0.8678532048240284,0.8777437511209548,0.8666913194790218,0.8674486064951683,0.8428405311457707,0.5486392193523336,0.5835070412771602,0.6071762536827254,0.5948729526158947,0.6318248656106391,0.6643043502589796,127.8,130.1,132.3,134.1,133.6,136.8,2.155827263907703,2.9773296484366,2.615683724990509,2.4392122008952817,2.258550049351728,2.1682687847088356,1.4021329762249282,1.2821553015138865,1.2467107136781692,1.2251537759851643,1.2441748549535123,1.2366903202594497,2.48
DERP2023,0.9004584800130413,0.9167444580748897,0.8983088155322829,0.9083429114190399,0.8872453058411234,0.5445111459453393,0.5595104936835151,0.5913530935498327,0.5547729032398787,0.6114282682847629,0.6120574544389217,126.4,128.3,129.8,130.4,132.7,132.6,2.2481936916460015,2.933153971409709,2.9049195029692947,2.6508606959915304,2.25715877513501,2.6038525331867706,1.2369568261467465,1.2369196270371203,1.2267943050522205,1.2218755980599312,1.2039069243683673,1.205931350877468,2.432
DERP2024,0.9046465622669737,0.9248459752581623,0.9157693671266188,0.9138309597454717,0.9165399761363149,0.5954189616161021,0.6355368940313176,0.6248261657673359,0.5917350364553264,0.6638330207037728,0.6333469659160769,129.6,133.4,132.0,131.1,136.2,132.6,1.986991901889841,2.3041511438706963,2.437556265994219,2.3974535287668957,1.780576456525719,2.241767588808358,1.0523339162778487,1.0533845606072847,1.0647744633155605,1.0428140045414933,1.026054481512248,1.0509834195118697,2.334
DERP2027,0.8538004297604672,0.8466613471236928,0.8238532638907753,0.8451123405042477,0.8190317466939461,0.5851680085257199,0.5753261016861135,0.6792654797086535,0.5735324635035451,0.6203549809120813,0.6881684485472331,130.7,129.3,136.7,131.2,132.5,140.3,1.6648709933632906,2.5955525482937913,1.8498229342194403,2.445285852955894,2.025552040031438,1.5203334485938,1.2559957562397783,1.27223493098401,1.310008015098965,1.2924438090031778,1.3078371293146924,1.2769338673555677,2.321
DERP2028,0.8893778406158366,0.8171468527811805,0.6957419063741022,0.7775240957196331,0.8860694357901668,0.5745968995365921,0.7436406674034515,0.7754378123916936,0.7161517438971957,0.6314189887538892,0.6265054967601213,127.0,140.1,153.8,138.4,132.3,132.0,2.3051222143415506,1.430881543398653,1.4465683192822265,1.5931335156303204,1.9532320903654794,2.724093015611792,1.121030624589348,1.1512464954543302,1.1663596429824992,1.1494139634003422,1.1575498979514975,1.1687016890130908,2.363
DERP2029,0.8984822109725059,0.8281981548133759,0.8340681197631507,0.7978470984196617,0.8984716261602684,0.572083249891015,0.7254026646159433,0.7096447946563246,0.7122420788485286,0.6185730112821726,0.5593672203970019,127.4,142.7,136.9,137.1,131.2,127.8,2.2274026292067917,1.5768626579426348,1.409478125604339,1.53104425131823,2.222291231686141,3.151777675216813,0.8391524514683921,0.8793009941221802,0.8423161488128952,0.8412248898503906,0.8574867391499701,0.8619489963256339,2.249
DERP2030,0.8698877856302873,0.7122847144964,0.8788229286242719,0.8873992644709404,0.8943128723916091,0.5909229147924828,0.5615562752159874,0.5897347025884576,0.7297354750641146,0.630752881184842,0.5810610716555822,134.5,129.2,131.4,149.4,134.7,132.0,3.0565314499118075,2.981518706112656,3.7186221549826404,1.423819385167065,1.9884574076961152,3.0574524886707706,0.8615649736187158,0.8789292579311895,0.9260910096730778,0.8891414637874023,0.8863594215356323,0.8871120355979975,2.197
DERP2031,0.8862565245501011,0.8562389089554256,0.8911795729501738,0.9076755666067596,0.888958114619905,0.5720589215009384,0.5590859572248744,0.5506565146521212,0.6586347153620029,0.6232245169024038,0.6316562467221831,130.4,128.0,126.3,135.0,132.4,133.3,3.065145491003925,3.1160527609562916,3.106592192230576,2.5630750589527893,2.17560475738721,2.3129729759168507,1.102746555981952,1.0934834998415242,1.0763288873209402,1.0664270774785702,1.0599744136112768,1.078499012975332,2.554
DERP2033,0.8484380223722681,0.8715436968415488,0.8504315545526424,0.8923616159310087,0.8981861680147514,0.5041743000666469,0.5872317581445393,0.6158393706772909,0.6102163257457113,0.6384451965720987,0.5636961611517767,124.8,130.4,130.8,132.6,132.6,128.2,2.6316790837392547,2.8408018662226833,2.732646664812753,2.507233594668477,2.2173136414186407,3.2062024639428968,0.8855417017057196,0.9187994479535974,0.8981697272533972,0.8997408041327508,0.8934863342610008,0.832752879681682,2.168
DERP2036,0.8102847944457005,0.8652664304266662,0.8428502946236384,0.878182134625842,0.8286174643572463,0.4699027475701239,0.5138393623543702,0.5386455560882868,0.5423447098834102,0.6214791969331422,0.6066959240508291,123.2,126.9,128.4,130.9,134.1,133.1,3.4511666460051917,3.8906819774390335,4.616044211590257,3.3183575749531986,2.305286668911412,2.382804419049369,0.7981283735056651,0.823459445462269,0.8376999082740667,0.8316275157175052,0.8266824700183935,0.8141124650214505,2.053
FR000124,0.8448641822352136,0.8471728756221965,0.8706780317227754,0.8638471896696035,0.8508690265897492,0.4726218364578138,0.4424470195204113,0.5073661978824051,0.5302703864931004,0.5335154532170829,0.5296617977723344,103.0,107.2,112.1,112.1,116.1,115.2,3.0385210898345605,3.439202981152714,2.740312120976084,3.060939140553351,2.258379968308628,2.3174518850168315,4.39223362680719,4.077358684369329,4.1005662601404556,4.061319590142101,3.9164307334124713,3.928265522475952,4.931
FR000125,0.8683397825167132,0.8887613504524342,0.8964624250991595,0.9077192051375291,0.8848269046708658,0.48093683746800886,0.4744926822626786,0.5155434299548253,0.5197844050852471,0.5669227185675316,0.5516854173512632,118.4,119.6,122.7,124.1,128.1,127.1,3.1354802463810776,3.122371570767402,2.6942626936071448,3.013595827860005,2.0696665547037685,2.496724864945411,3.892136569931575,3.7500005878881533,3.596869537403995,3.5415752680904324,3.61104051717158,3.69568146944971,4.783
FR000128,0.8869626838401047,0.9066423522229015,0.923276602025919,0.9177631320395963,0.893532580945121,0.5083031070905023,0.48188861061896093,0.5074757507530503,0.5537199401647389,0.5534714974434184,0.5734218410181159,120.4,118.6,119.7,122.6,125.7,125.7,2.8700009407532465,3.230625267332839,3.068592455437742,3.017650358671522,2.2557539753279334,2.4270732963007418,3.2616572862245112,3.063085690119142,3.098035934873104,3.052031017021183,2.994066035239465,3.0062414559131625,4.314
FR000132,0.820477740808142,0.8399175094006684,0.8255269472030303,0.8485819993924817,0.830118285036747,0.6363504061531493,0.7015298678904022,0.6065336832620716,0.634973968647886,0.6390434638326705,0.6212676371770725,130.3,136.5,129.9,133.3,132.1,131.1,2.0267123476038367,2.025560469864502,2.3055771480886307,2.11677705375387,1.8483621014802167,2.206696164545626,1.9767657458173713,2.0741864922303215,2.111807894823781,2.0717781182162263,2.077241677794811,2.0730302808123477,3.977
FR000137,0.7571402647752389,0.8026686718897392,0.8012908655258808,0.8186161441037706,0.7160124071431815,0.48846846515916653,0.5445986868152433,0.5586206385399212,0.5030784713987323,0.6325801174356752,0.671242462794516,119.6,123.2,123.4,121.6,129.2,134.2,2.968914186121158,2.7466219332299064,2.7026747781770206,3.1318623549211217,2.211499606754652,1.8853595143219293,0.9684083578059985,0.9537338336486351,0.9564301056280394,0.9604310356748538,0.9459362243695375,0.9364905703372154,2.584
FR000138,0.7546961260886996,0.8021673905486933,0.7927381195481759,0.8035107042735341,0.781399719901404,0.45921921551355976,0.6025227767250149,0.6176706584482615,0.5572593036739342,0.6441070348341235,0.5725723736073454,125.8,125.2,127.8,123.2,128.8,123.6,2.5710304385588887,2.28036963703955,2.1597105472324,2.904234871221972,2.088832150649733,3.257063696386105,0.9794343918269578,0.90568346655531,0.9565594425004328,0.9358229491163325,0.9470203039634542,0.9342864995808458,2.504
FR000140,0.9035224126214653,0.9100997280605579,0.9133907537601531,0.9058693682993773,0.9029398875654606,0.5591937631939575,0.553473806962005,0.5638986512414165,0.5637639116014906,0.5906855841667227,0.5311306386074311,124.4,123.9,125.2,125.1,127.5,121.1,2.528334790511538,2.882079168749124,2.8650996650187612,3.0680252494079268,2.399760439844749,3.234345378351947,1.5430436040647502,1.3398952633837065,1.3651558679567681,1.3536242269258503,1.3507043477256386,1.3690552382653554,3.052
FR000142,0.8392877152513797,0.8468966238652511,0.8238301198715384,0.8367756965229572,0.84462714940274,0.6019172715051415,0.5611625050003263,0.5602322821023432,0.5846686949355844,0.5886339828132819,0.6516878591366262,127.3,124.0,125.4,127.4,129.5,134.0,2.1467110485206917,2.8032055097604824,2.6160998871345416,2.6980735214657616,2.2344630727833907,1.9111820788125438,1.778072717734995,1.6247309401584005,1.630850269787222,1.5982097336230987,1.5823673803857297,1.5678770353003804,3.409
FR000144,0.13159369115810804,0.43142311227913277,0.39416309122104554,0.4852037856538246,0.25958888040658556,0.6919797962677862,0.7917080551793442,0.7176007277760748,0.7344999779001701,0.6115708187944029,0.6569322533899062,169.2,148.9,140.4,141.8,130.4,134.1,2.0722569140767155,1.3210839476978842,1.607736203787214,1.6235926422770641,2.080115097869938,2.0123672746454417,1.5155136532077158,1.3165697173420956,1.3203165917700133,1.3077838089945262,1.3241586771011407,1.3134482791367155,2.829
FR000153,0.6924320979759021,0.7519975816926657,0.7431364079303926,0.7190704773189087,0.715338931760034,0.6591029136926445,0.7340201907372329,0.7155604827776976,0.65934989309717,0.6133157056805526,0.6193194058023432,132.14285714285714,140.0,135.57142857142858,129.57142857142858,126.42857142857143,126.14285714285714,2.1089461264422362,1.5983627986638147,1.501058087008799,2.0493133235196357,2.4701290993776452,2.665420526862324,1.0867913142970098,1.2983285777903997,1.2641394186796173,1.2689109127350013,1.280403163496873,1.2818635541317358,2.898
FR000154,0.74482960978375,0.7229944213523167,0.7503720025537333,0.7428105297533905,0.7526355135319376,0.5556401056163833,0.5352973944391772,0.5600995438020896,0.5129591649892296,0.6397548712544289,0.6213807042589128,129.8,124.9,125.3,124.0,129.9,128.4,1.7097378349488639,2.695733035745073,2.5971286477371622,2.973191090437337,2.0292010572219956,2.414602628008022,0.8912075813872051,0.7189137191586324,0.7235266313172468,0.7273159026953467,0.7151814569950289,0.7253147040330598,2.203
FR000156,0.8939965757986222,0.8931064218161333,0.8953998437748169,0.8980498295867553,0.8593449938558805,0.6198491542956422,0.6742650822363552,0.6563084931848743,0.6422426533471861,0.6175036020624227,0.5716144804418036,134.0,133.4,133.1,133.5,129.6,127.2,2.301582540303807,1.8336945161034883,1.9124001572407658,2.090206876237895,2.101217938570066,2.891162701100035,1.088752885177528,1.0789656747339817,1.1059779920990416,1.1061672745118554,1.1043230003581677,1.1059627213094085,2.632
FR000159,0.8388405129184928,0.8434522781429301,0.8541732650090541,0.8459254815028973,0.795006053385161,0.6193367257473716,0.6497942720943146,0.6324703045070555,0.6238706056389035,0.6566907061123737,0.7379646048234492,109.0,109.375,108.25,108.125,109.5,112.375,2.370530152201999,2.181764968788425,2.2921267907217575,2.4762861192138543,2.083516282972985,1.678311073998916,1.2595681267179353,1.0545915286161514,1.066518268658513,1.046956411039432,1.029270099207235,1.0302701131025636,2.615
FR000169,0.7759804336447117,0.7528598660431511,0.8066956705148248,0.7582850424426687,0.7729211560026028,0.5896183389115641,0.5303787942401494,0.6285474535295419,0.5166812672765363,0.6247628402856535,0.6489527351541929,130.3,123.5,133.0,124.5,129.4,130.9,1.9231847227296712,2.632377375179459,1.8551641340520448,2.7298141653938393,2.223720807002846,2.187133653085924,0.6998296648043829,0.6426206332291934,0.6230568536287312,0.6457012529703545,0.6261503042157344,0.6218584020305287,2.104
FR000171,0.8294712940341099,0.8276573506727934,0.835111306332746,0.8266569880865207,0.8371591060524217,0.5158354738393437,0.5277353905081091,0.5588632171768886,0.5288691211652808,0.6248740142252226,0.6044641773656705,122.0,124.2,127.0,125.3,130.3,129.5,2.4504849694227997,3.0223691141764624,2.653606521231555,3.196975906346668,2.0992614954545257,2.5136394028425775,0.6369299341228979,0.5413683582948075,0.5549390532569363,0.5595265715313934,0.5461310646670554,0.5457369487911452,2.084
FR000174,0.5753417787395549,0.6714314692413856,0.6539608052036192,0.6516229739373691,0.6306641418249659,0.4646428754375027,0.5468739008705727,0.5699222397308548,0.573336416938839,0.6950421343640197,0.66169364017244,,,,,,,3.151131631179771,4.282366965918426,3.6453681448587765,3.5472391343541783,2.2488286082375177,2.8322694607025873,0.7132773623724136,0.9197867985699709,0.92610830576625,0.9038816837725167,0.877348783025092,0.8897969656865813,2.198
FR000183,-0.04299026740281153,0.06306742232925677,0.08505739345760566,0.07858576609194035,0.10827361362928267,0.7596629208339132,0.7069431996904644,0.7024767513420004,0.6798622951389423,0.6261589810783421,0.7253508093558733,144.7,137.8,143.3,135.1,130.6,140.2,2.049050181960083,1.6598559831064652,1.5332725064625616,1.9022331102618848,2.0148657533758647,1.6474642358706673,1.6669393213119859,1.1854799233647018,1.199912951218582,1.188606214630466,1.1911890687883968,1.1884135776563678,2.568
FR000184,0.28374571787181924,0.5844240081210106,0.5889944191928258,0.594482981881719,0.4495862318472128,0.7604879202949226,0.7865392529612028,0.7712737864367105,0.758072472211244,0.6298322345909154,0.6865003941594771,153.8,147.4,145.4,143.4,131.8,137.2,1.261025149163981,1.2644661485975985,1.289825272763807,1.555759725233093,1.9890395231753557,1.7049393126498147,1.4194905625521772,1.2436040731122733,1.2372339498449854,1.2413085369015797,1.2680736714546432,1.24436593807574,2.597
FR000185,0.27021307815038287,0.27074532707978616,0.16242526792088496,0.2392298133738,0.2565991432870556,0.5311378802953794,0.7247726368429298,0.7168432125132365,0.6890007862380862,0.6245822749036088,0.5985890527266955,137.0,137.3,142.7,134.2,129.3,127.8,2.174952054303921,1.5612650603103404,1.4873390524217893,1.8015504822215682,1.984136919113973,2.2763037317793637,0.743474614138281,1.2170232026620573,1.2329704644819366,1.221564094672348,1.2273243508443712,1.2350161850615187,2.579
FR000200,0.7386006283778823,0.7678087535622466,0.7552033234373664,0.7522914948066708,0.7352192139157713,0.46110632422296594,0.5725110199694271,0.5885068083600923,0.5328988718993771,0.6317968283551166,0.5728706104454883,118.1,127.5,130.5,124.7,132.7,127.6,3.179749752747129,2.110538103454531,2.10340592182077,2.80721196428303,1.8827957427637656,3.117193968415793,0.6711203010588729,0.5613868904441025,0.587216396436343,0.5842997827889641,0.5807973246443466,0.591805857997614,2.065
FR000201,0.6759669132023778,0.7793302635981564,0.7600726641326068,0.7742500492080832,0.6329468780343703,0.420595271788565,0.5315117558887653,0.5617086277662122,0.511990366538997,0.677282458981818,0.708874984706431,108.9,125.3,125.4,122.2,133.1,138.1,3.246589854741984,3.026476674421512,3.00733300437714,3.4879095813694097,1.6890022804145377,1.6073699575820435,0.9726270239021075,0.7304445855096909,0.7254881039261964,0.7282840161328025,0.7076650547737658,0.7217978374253665,2.157
FR003234,0.7598462915815601,0.780992258281666,0.7248624923503402,0.7000291275805399,0.7025000374098735,0.5994643756845863,0.5258135547799752,0.539478649890249,0.6390140698348312,0.6129951134491547,0.7483847560086371,121.7,115.9,116.6,123.2,126.3,137.2,2.315070392338739,3.3553575066987884,3.059127772227843,2.391582536520002,1.9369460495164474,1.3865225083485277,3.286933831242758,2.7257639083412264,2.7380255673313325,2.661383910048997,2.627402616910421,2.6403254920818964,3.818
FR003236,0.8357638902951611,0.8738676272051933,0.8531819475718408,0.8799827343518272,0.8504896060263236,0.6037413616382163,0.6264746639101777,0.5521229116277119,0.6121641670767445,0.6229389179617095,0.5507030424484088,126.2,129.9,123.5,128.4,132.9,122.4,2.450622774186269,2.356411988111423,2.9768535551507993,2.4312086594075786,1.9810914427119082,3.018214732437731,2.3310989920185365,2.064679530871543,2.097796278279289,2.0399736142386393,2.0130769894783613,2.083491238901451,3.822
FR003237,0.879569060867073,0.8909532472870428,0.9015010815647053,0.9045377042434747,0.8507040769032237,0.559776526425406,0.5915529457203347,0.6196836746746143,0.6129760994463432,0.5847847923622506,0.6405592517151943,127.4,124.7,127.5,127.2,127.6,134.3,2.5646428419018807,2.475941383896374,2.2553750069553833,2.51375291964918,2.0269039435330423,1.7580669887247153,2.6139236195097335,2.466906070727259,2.507404041179147,2.481536205142429,2.475002883218952,2.420980986616097,3.977
FR003239,0.7227985482524163,0.7405288882662071,0.7596736934013893,0.7402462584188307,0.7173893908609251,0.5133836753469684,0.6348089625318428,0.5956404663686234,0.6057686457429691,0.6221508847828119,0.6052693184439096,120.5,130.7,129.0,131.0,129.6,128.5,1.997713986800336,2.072097953122737,2.34617781340882,2.3592275301532686,2.312190302236575,2.712615879512223,1.0126883205902897,0.9474651662338017,0.9873269062800294,0.9879140005739692,0.990701452800703,0.9938445889999771,2.768
FR003241,0.8884779598898179,0.9054842060898468,0.8960809763784958,0.890776267238877,0.8948926557490013,0.5613635656028407,0.5284520474041093,0.5466892261678697,0.5616239415182719,0.5596100901494208,0.5978470516973798,123.55555555555556,120.0,121.22222222222223,122.11111111111111,124.44444444444444,126.66666666666667,2.6695234590020216,2.826978063526388,2.6215280754153674,2.8781482687194546,2.3831929317241407,2.2518415471721918,1.9186618014592909,2.015470097354757,2.0156297207748515,1.9871086352094134,1.9671560362156595,1.9609003157323386,3.446
FR003246,0.7627320732306332,0.8284593095235689,0.7733964637286547,0.8336531102389602,0.79225305012629,0.46509022486333684,0.5294207920997993,0.6342123112811257,0.5180942658061863,0.6179001969304071,0.5888679509298841,118.4,123.3,132.8,125.1,128.8,126.9,3.052310553035374,2.802320133097861,1.9778718560411568,2.935131875112518,2.4437463770873173,2.929216762744249,0.935845756727796,0.8034980513101676,0.7853598744291053,0.8081798824176561,0.7842086160267255,0.7858938962258766,2.372
FR003249,0.8876821915089234,0.9002716067596404,0.8990530202192021,0.8965576620043115,0.9013784266590891,0.5681827160097872,0.5684726811070194,0.5779753903241958,0.5644971268667469,0.6158902849887672,0.5614539517918451,124.1,124.6,125.8,125.0,128.6,124.1,2.6091180149466338,2.6995109130383184,2.5331331674881032,2.8541765225454268,2.1743524655156863,2.954938710191214,1.5827043112730286,1.3956493649703097,1.3984743212017274,1.3936738485987064,1.3828659249362945,1.4119039294676623,2.967
FR003250,0.645131864423573,0.6913604796155428,0.6670179175556055,0.6533685731357086,0.6355834314322906,0.6661349428280224,0.6333799142376466,0.6101800932083575,0.7567651035221534,0.6464590139417428,0.6067341520097272,145.1,136.4,137.5,151.7,138.9,135.7,1.893417979321225,2.473097325785494,2.166327710973709,1.8674366223808068,1.7754401922474898,2.2178900330185742,2.5989940936221743,2.1910885699959666,2.148362738822623,2.1572372394149593,2.121800137367666,2.121960810124414,3.432
FR003251,0.8196733580621045,0.8494318728464691,0.8203669481735905,0.855995719225229,0.8359922927284185,0.6344012369635308,0.6706401890492905,0.6081778535277614,0.6656063687584867,0.6083641812716075,0.6322869218793523,135.6,133.4,129.2,136.2,130.5,133.2,2.021004036999913,1.9856134619059396,2.4329591068298466,2.044914192773093,2.0432454417880077,2.056057963965194,1.6255962870192846,1.4498333225056694,1.4843562482404573,1.4655899513127695,1.4603190062998952,1.443762387284348,3.165
FR003252,0.795131066016978,0.8377221189702402,0.7769576546035861,0.8434992624765536,0.8144854909536778,0.6748838604012757,0.6865034057438777,0.6140700230514646,0.6832277444869845,0.6244622208452054,0.6576370027328806,124.55555555555556,118.77777777777777,114.66666666666667,118.44444444444444,116.44444444444444,117.88888888888889,2.007198531950276,2.0035122397920535,2.392491704997728,2.12458565158443,2.061507002052045,2.0834021442124997,1.5210341302259267,1.5571195779129912,1.574767014228636,1.552040326376421,1.5549292237173369,1.5702088226020636,3.081
FR003253,0.8213817835883835,0.8032935104682265,0.8252471086941947,0.8390605202277397,0.7963636735826494,0.635558862241158,0.659631715890653,0.630947530886657,0.6292114357164195,0.6205823216662653,0.5778836890895617,120.88888888888889,117.66666666666667,116.44444444444444,117.11111111111111,116.11111111111111,113.33333333333333,2.5286051383497914,2.1169515804767363,2.2354282510898487,2.7372810858907237,2.239314784465888,2.757218173179437,1.39838235049181,1.3884436096907833,1.3602347213749584,1.3627186313024309,1.3695581444241371,1.3638165560420075,2.972
FR003254,0.2402669100206164,0.37488495411996015,0.3722860733461967,0.3753436165211045,0.2446956080156234,0.7965225760862388,0.7190024596776321,0.7190339705573598,0.7186091219581151,0.6687315233373701,0.6690925125865859,140.33333333333334,137.33333333333334,136.66666666666666,136.66666666666666,132.66666666666666,132.33333333333334,1.2017459300239086,1.4401178826688121,1.4848062248884097,1.4828947603547202,1.6823611264261713,1.8340520961380282,1.2470966665260679,1.0523378020755507,1.0412142367984711,1.041539725553006,1.051067769069993,1.066257117597106,2.443
FR003256,0.7856904055736229,0.8022156004598247,0.7957637320946677,0.8138718003209188,0.7711894933485223,0.5510850487134316,0.6081070285426089,0.645766530699972,0.6060336204508942,0.641615981282713,0.5763145107438437,121.57142857142857,126.57142857142857,130.71428571428572,126.85714285714286,128.0,122.0,1.7179680423075412,2.1621446856783884,1.9092109877363228,2.2847909641818696,2.0476965336170454,3.1253870968410298,1.0421928411951882,0.9316427316566266,0.9357099338690456,0.9324881643542893,0.9266739022789019,0.935183158748629,2.392
FR003257,0.8111704314392465,0.8161213433092612,0.8176474755979768,0.8214398560728021,0.7905219257231204,0.5180616112928668,0.5779669279742848,0.6228928361074795,0.6042906845232942,0.6149647003531395,0.6584231480903224,121.5,127.0,130.4,129.1,129.3,131.7,2.39697864841979,2.541390430974419,2.220840168273345,2.4941277606205734,2.28337833414755,2.1900973184448866,0.9713049958203863,0.7748796551881459,0.7910459288056415,0.7871753504212815,0.7858380490373229,0.7895397508905458,2.36
FR003259,0.6084326339700237,0.6115019775127399,0.5802227661645183,0.5892669800424897,0.648821296747106,0.5660005256922208,0.697278757109185,0.6834648913876235,0.602599210087725,0.6086294231470574,0.559606302307285,124.125,135.375,134.875,130.125,129.75,127.5,2.5904528259830677,1.797235746860203,1.9348606360632588,2.6012946101093903,2.404932827015139,2.640591021732218,0.8812246716219149,1.1289013936592975,1.1464106759053914,1.1397182763696048,1.1464062442211973,1.0887330243879707,2.964
FR003261,0.8226774240601737,0.823799481025969,0.8318363608373185,0.8171205866075444,0.8232182522701794,0.5994591153891454,0.6870664578694482,0.6843213298303726,0.6141574609314736,0.6232183874088518,0.618856153451778,129.8,136.7,135.6,130.6,129.3,129.6,2.194105166372457,1.8802273523183612,1.8739397383719485,2.6315239522758587,2.3767824957151977,2.671281146262754,0.9652287307865051,1.0897164332460745,1.0642617577898814,1.080109819840032,1.0760251763993496,1.0919321398930235,2.765
FR003262,0.8959527786849395,0.8806151865485523,0.9000570488898054,0.906638618697052,0.8634144965352595,0.629451224742265,0.6624637872634547,0.649841521105908,0.6231105034092392,0.6232695635451768,0.5839718957494117,130.2,132.8,132.1,130.6,129.7,127.4,2.3095152783605664,2.067713440142077,2.131620894957175,2.7388864576106187,2.3164960850674934,2.8850883873782798,1.228903310071893,1.169205272329942,1.1442162721624418,1.15459832817753,1.1500659515767218,1.1465588512091351,2.728
FR003265,0.9183358370079823,0.9130137648689678,0.9099192438545315,0.9038579511932077,0.9090522022428917,0.5914649238603451,0.5698415139227073,0.6009775427843714,0.5796373816250587,0.5935986962648491,0.5872715895440436,128.4,125.4,127.7,126.3,127.7,126.6,2.4740769301071293,2.5233608824714326,2.3388497623818503,2.687437681195768,2.394469123865735,2.7210836301977928,1.4303754121054428,1.3663500314752834,1.353740741692942,1.347888737762201,1.335291778858633,1.3392172907870936,2.749
FR003266,0.7357867652546259,0.7210190759892672,0.7129786669331473,0.7095757195497555,0.6640688658473453,0.5511024643407856,0.5242296929319309,0.5453551488883954,0.5317077813328029,0.6299052714661887,0.6584197414630498,118.4,113.4,114.8,114.3,118.6,120.9,3.607451587910291,2.612115772634062,2.632882938972653,2.8851610202182543,1.9932845658882308,1.9121862155590943,0.5115407572663528,0.5931291482005043,0.6267002176961137,0.62386434367554,0.6200825055754358,0.623674554994046,2.128
FR003267,0.7831950129126468,0.7365718004610136,0.7512317487518821,0.7420580411967197,0.7837680447063711,0.5863444422462517,0.5076250206523211,0.5316867985800297,0.5064489907712061,0.6697920230162487,0.6440849293145283,132.5,125.0,124.8,123.9,133.8,129.6,2.835993445703438,3.383281222865073,3.526782333161149,3.637989620076587,1.7729496809357899,2.1915714654119265,0.7259021924576868,0.8021888316092208,0.796961798732687,0.7965203323320991,0.768597771426371,0.7814975062722379,2.225
FR003268,0.688338614138919,0.6573673356552892,0.7061404445807964,0.6600740799675457,0.6378586539395532,0.5577386898672284,0.5335465836861898,0.6020568787545643,0.5373919193246643,0.6343943831638977,0.5867452286897527,119.3,123.4,129.2,123.9,130.6,126.8,2.8322419625720356,2.7424903995599714,2.200340342700871,3.031261935117806,2.0077737179735453,3.213194811785154,0.6996718452820112,0.6245311315862909,0.6572427655855827,0.653845426719726,0.6523677164356922,0.6651422394658882,2.162
FR003271,0.7943826852622332,0.7486894495213071,0.7711505632537363,0.7850846613504108,0.7527059619977061,0.5567020888016972,0.5456718429707915,0.5680777290231483,0.5196459827345455,0.6823474677974024,0.7350314574836553,122.4,126.3,125.8,123.2,133.9,137.7,2.4878197885678883,3.0328907616395644,3.122594544272242,3.561060293345046,1.7077602538704502,1.4412682669433958,0.6976067713868794,0.6601655442402848,0.65588689655689,0.6592939212519192,0.6363857719389956,0.6427402881030767,2.106
FR003272,0.8933326684031793,0.8963816099201565,0.8826825002149165,0.8885572575596162,0.8987928345243945,0.5853626613664037,0.6179789122704678,0.629581256076021,0.6037514028742793,0.6168862683743189,0.6127819772288063,128.7,128.4,130.5,128.8,129.3,129.2,2.3359277366266684,2.198923892707177,2.0952604379104027,2.420073817987369,2.0922841425295315,2.4328122421952023,1.1364696071542497,1.0845031336554232,1.117714438781853,1.1147002386387699,1.114271151279392,1.111463993108848,2.569
FR003274,0.6969721720931756,0.6751108040395299,0.6846901962967111,0.6857959569880872,0.6656614455499174,0.4182431543355711,0.45623574835365577,0.4617292493791764,0.46396114170724134,0.5597924788323856,0.46923359318333935,110.0,105.0,106.0,106.0,114.0,106.0,3.1099745629939193,3.722567016617978,3.666537172478076,3.6137563103946277,2.739181799940023,3.699049233577913,0.9023557349270034,0.9481562003941344,0.9335517216566258,0.9318771439455177,0.8945955229460368,0.9690732037596246,2.433
FR003275,0.6919183242855823,0.7548695728164796,0.7543136911606745,0.7739985630348136,0.7607734304780331,0.4321738913318718,0.46986652598973505,0.49501022413933804,0.5053778376575185,0.5970514022194726,0.5357700491750935,120.3,120.5,122.7,123.4,128.1,123.9,4.154626710042138,3.460416399013039,3.1239430276779414,3.2920164925114515,2.2730791487411195,2.902659565722161,0.6604999785489488,0.8606226255677218,0.8822147656216416,0.8785398592783485,0.8697091714233778,0.8596615220654683,2.364
FR003280,0.6092899846903159,0.5221052668387609,0.5457131832543558,0.5560694656470788,0.6204900104404464,0.6200400013715628,0.5563065984647214,0.5654405378617808,0.5539979837216628,0.6074133819423865,0.637033481550267,140.3,128.7,129.9,125.2,127.1,130.5,2.8057296630555415,2.2262814150989314,2.598357090296291,2.304187336748777,2.1858479026101483,2.0831304849856225,0.9856435997602963,0.9532827185945955,0.9461825748246832,0.9293293839400623,0.9260315991638466,0.9045023796698838,2.427
FR003283,0.7636030409604141,0.8343553011085141,0.8486428396483389,0.8347120911653517,0.8392223221935282,0.505517737483476,0.47790441191500826,0.5042601896593023,0.5316264148987228,0.6504291097631818,0.5577065695485587,125.7,121.1,122.1,123.3,131.0,124.6,3.345778085690671,3.90246033178387,3.2182243380289646,2.8447227387708502,1.8115044445283988,2.5272794574234414,0.7743294719838231,0.8189862706020146,0.8232960432205189,0.8082365029844525,0.7908182602462244,0.7964523004039964,2.287
FR003284,0.8823461779260768,0.8952847979924881,0.9017625275734342,0.8986405946546931,0.8868952871812883,0.5891705410321992,0.583383095245124,0.5851851262744988,0.585880379943124,0.6553096463177261,0.6478074690904111,127.7,127.2,127.0,126.8,132.1,130.6,2.5580874046160993,2.573626159229547,2.429502526494483,2.4814825938301546,1.8512335539676241,1.9848642430690122,1.0475673090870752,0.9543866152939444,0.9614888610739838,0.9423523296903337,0.9265652252055019,0.9400757540899427,2.529
FR003288,0.7495557424754102,0.7315919774263969,0.7893445156893567,0.7842869967852867,0.7828908840882933,0.5535706923186556,0.5998051415004448,0.6005933857749088,0.523013087585078,0.6644570042858134,0.6106023935838846,134.0,128.8,128.7,122.7,132.6,128.4,1.7161089833124412,2.158602090512954,1.9603511109000895,2.884727801061887,1.6712232128045192,2.159289386046133,0.6701397290352169,0.6459621887844372,0.6491521438627249,0.6457795810334621,0.6324450198395537,0.6266708341079471,2.092
FR003293,0.5968260114098178,0.5884281420533545,0.5349118751886182,0.521727581319589,0.5742576170567213,0.5375460717609108,0.7057600668332399,0.6921127472285288,0.6687858770811085,0.665496447835361,0.7028345310363106,143.66666666666666,145.0,143.66666666666666,136.66666666666666,137.33333333333334,139.33333333333334,4.730079382729211,1.521462242120778,1.5619816039842587,1.8167401282216697,1.8514982606311734,1.8827236954459166,0.8322578254946343,1.0089103383812306,1.0145734302031577,0.9959362453211402,0.9870119609205569,1.0000598961074258,2.542
FR003294,0.6006397515805091,0.6143790540962731,0.6135211799856695,0.6303238356999863,0.558645717809404,0.5488249705426864,0.5240763100367916,0.5403734869648376,0.5054768656890654,0.6400157652985444,0.5087236497600326,119.8,118.9,118.5,118.2,125.4,112.7,2.0272154636963386,2.6170255416859276,2.6022053774790805,2.843378524348711,1.983454278627234,3.7243200380033494,0.9791724678298712,0.8189595189866103,0.822077498991406,0.8238128994780206,0.8195170885285267,0.8299300170269076,2.263
FR003295,0.7480200451768999,0.7452447840030785,0.7592414393893054,0.7658560634232674,0.7274253463650728,0.5696603218466806,0.650002848004447,0.6500427532124755,0.6194675820809716,0.6334988697788818,0.6164087047712808,132.6,135.1,134.4,132.1,131.7,131.3,1.327749881557733,1.9048909328101145,1.9694360723435043,2.4470504354046634,2.1849224543730257,2.5110408026626887,0.9081815138679081,0.965951451236899,0.9479446403013602,0.9548079126810891,0.9474622249385873,0.9623284960331824,2.408
FR003296,0.8306789062058628,0.8339514892246556,0.8384042874170252,0.8416311367013025,0.8389374768310972,0.5247531164973838,0.5832420388144027,0.5954882957951639,0.5877645833575118,0.61238305444508,0.6005127783764095,129.4,127.0,128.8,128.4,129.3,129.1,1.8862186848038898,2.407125934916069,2.322707572753827,2.5133615241603473,2.1948682943285025,2.143276950160479,0.8474684466211854,0.8321727828109113,0.8512028312267458,0.845784830110361,0.8444391988373766,0.802838468875046,2.373
FR003300,0.5943151236148105,0.6125234807170394,0.6215477332960142,0.6067539379290263,0.5996291585501963,0.5358386477222223,0.6444618531912245,0.5990269495374058,0.6346982138809474,0.6723248761160824,0.662952532612831,133.4,133.1,127.8,130.9,133.0,132.9,2.5508732760044004,1.9577561867501347,2.495465909387075,2.102082085340628,1.7467743372032882,1.9172561902697196,0.6857890696755324,0.8886620558690881,0.8967374933755706,0.8873427457364346,0.8834709364676749,0.8920641713959865,2.273
FR003301,0.8350586238537356,0.891435023293905,0.8916816331685674,0.8922552721516945,0.8760291230655518,0.536579742670323,0.6029157251517576,0.6035636814325883,0.5973341119345023,0.6819602782489238,0.6448628225413957,127.0,128.0,124.0,124.0,135.5,131.0,2.6633005988181413,2.4505403487950383,2.670784385282002,2.6148694296175754,1.8257198173530993,2.303989063530987,0.9783512206893753,0.9513158164426021,0.9458944548075957,0.9423117758385336,0.9343201583498353,0.9685690466539066,2.307
FR003302,0.8485228403766477,0.8709028588337632,0.8635306802553606,0.8734327856294009,0.8170191592121278,0.524886545597964,0.5908688216716353,0.5992305874410901,0.5685801178126176,0.63342505909149,0.6651082378175515,126.0,126.5,127.4,125.4,128.8,130.7,2.321375554717846,2.2235274962652416,2.127349518944223,2.4527686198517036,2.0250868812680762,2.0631430062962464,0.8479310682095188,0.9032730180055372,0.9097147009321049,0.9082605517723901,0.9006926722791031,0.9076081214083034,2.308
FR003307,0.7794742308818787,0.8214694318654184,0.8153665904167298,0.8200401886518611,0.7673764187893165,0.49777077421417204,0.5343518557753839,0.5703247110322974,0.5074702585655381,0.6368388471940489,0.6500113305992908,121.4,124.3,126.0,123.2,130.6,130.7,3.177612635513113,2.524083823453931,2.268878389079073,2.7987090501516936,1.8828996937900548,2.0345291842653284,0.8535257084568464,0.7125733922221086,0.717903663318355,0.7205505175380613,0.7102714750036586,0.7189722088509187,2.135
