basin,nse,nse_rg,nse_r1comp,nse_c1comp,nse_g1comp,nse_bfi_r1comp,nse_bfi_c1comp,nse_bfi_g1comp,bfi_obs,bfi_r1comp,bfi_c1comp,bfi_g1comp,qmean_obs,qmean_r1comp,qmean_c1comp,qmean_g1comp,slope_obs,slope_r1comp,slope_c1comp,slope_g1comp,hfd_obs,hfd_r1comp,hfd_c1comp,hfd_g1comp
LU000018,0.18844507607499805,0.04620897820461778,0.6942198652367721,0.5057747891617741,0.6480108870321544,,,,0.5491332552226622,0.6536301336891414,0.8011956394726824,0.5156605003889135,0.8958442072655957,0.7061876225205048,0.6935954275476616,0.7013030111963664,2.305894875074405,1.7052023926876942,1.0163469974343593,2.9043571696059076,127.38461538461539,135.92307692307693,151.30769230769232,129.53846153846155
LU000010,0.12682379509470276,0.13699923544251946,0.8064082042689421,0.6795844091742393,0.6694089688264226,,,,0.6187599923498417,0.6576655807095583,0.7798316113710593,0.5110446912793425,0.9264638449166221,0.8058602009110514,0.7920234711854865,0.8000695317475555,1.430666764097312,1.6733188897197313,1.1309826865008124,2.941195513034037,130.6153846153846,135.15384615384616,148.3846153846154,128.46153846153845
LU000001,-0.010004309370170272,0.252869399098857,0.8743618203272688,0.8843661296974391,0.6214924212284119,,,,0.5468503966298911,0.5036265462720975,0.520565845280468,0.7896008216000615,1.192096235012109,1.0810242785755433,1.1081114318395247,1.0691122594405498,3.860265270934023,3.7589977294198937,3.566191899204943,1.3249516219814017,121.61538461538461,124.61538461538461,125.38461538461539,149.69230769230768
DERP2028,0.06757096243275496,-0.02424797330453321,0.7026125552422395,0.6350415928094846,0.7268605285467727,0.5537693264026833,0.3915222005847734,0.6045420538032289,0.5912286564625354,0.768262288922341,0.7905643620011125,0.7487402303299269,1.076659242459983,0.9784558934849398,0.9602673415847562,0.9675548185173128,2.249832566632805,1.5777168872251501,1.4052016913973155,1.5893769441934378,131.46153846153845,147.5,152.84615384615384,146.1153846153846
FR000183,0.03454904877138709,0.02002633519558006,0.47253467635056756,0.43798562757918047,0.4525083411549875,,,,0.7263461280996635,0.714260923773579,0.7178484346394323,0.6989524851655509,1.3587597394179618,1.1164450536679615,1.106388415772682,1.1077183474173224,2.2048638196473735,1.496923609900514,1.4064422875299816,1.6387006065231906,147.25,143.20833333333334,144.875,141.0
DERP2008,0.0021390139682373466,0.00044367279722723474,0.8087894270673888,0.8066504130991514,0.8083457542701615,0.818149249489394,0.7950357803349704,0.7789631466815787,0.4632010969159292,0.5312884218989017,0.5584240367006343,0.5107677721528326,1.0472986121931485,1.0388748490541293,1.052840217031198,1.0321656615113726,3.555971392328444,3.900514418734807,3.556773644951652,2.811248892065324,120.88461538461539,126.73076923076923,127.76923076923077,129.07692307692307
FR000137,0.01676398275928659,0.001448663480038248,0.8084391733163424,0.7916751905570558,0.8069905098363042,,,,0.5079481042588097,0.5236334638805746,0.5910593283960603,0.5000999996546137,0.9956666274344927,1.009131943505757,1.0277708128669407,1.0065762304891475,2.9663314793754534,2.6439550836582133,2.388118888045092,3.025878177481821,124.30434782608695,126.08695652173913,129.8695652173913,123.82608695652173
FR003294,0.010983473100366958,0.006195067676773913,0.7078539986524316,0.6968705255520646,0.7016589309756577,,,,0.5169186781536074,0.4999101533166894,0.5758774356669588,0.5048885674708394,0.9148306708232089,0.7970290282927762,0.8189704587569778,0.7902367136638414,2.5154940473730383,2.8035997769734418,2.6438491574028293,2.994192135146213,129.0952380952381,126.33333333333333,130.66666666666666,126.14285714285714
FR000185,0.022739567594268095,-0.04585401875373729,0.25180976383780573,0.22907019624353764,0.297663782591543,,,,0.5417133374177967,0.7504769021267889,0.741951656839088,0.7261423922933036,0.7993524710435663,1.1761734565450548,1.1521622782786671,1.1692319539527576,3.2063018307440525,1.2849317918997325,1.281883800715418,1.393545011942622,145.27777777777777,151.16666666666666,152.05555555555554,148.61111111111111
FR000154,-0.023615247817908136,0.0055725780156250515,0.7388464913340176,0.7624617391519257,0.7332739133183925,,,,0.5431762661877202,0.5256918749200759,0.6025810577575326,0.5219975486220972,0.8637251282104524,0.7219761814240256,0.7384371060828381,0.7158339384038933,1.9657436908760961,2.779988795674446,2.4732133828708096,2.977430055650036,130.75,127.33333333333333,132.125,126.45833333333333
FR003307,0.005951548816957919,-0.015866396682785222,0.8140324121636988,0.8080808633467409,0.829898808846484,,,,0.48802860347278665,0.5249542483905185,0.6121590023901003,0.5167928329724302,0.7842232990660046,0.6818621840450343,0.6954870473144414,0.6765029777160645,3.3929812296089343,2.683098850552153,2.3381345228655994,2.8570759825173138,122.36,126.72,132.12,126.2
FR003256,0.04983750186110425,0.004613256770014895,0.7946015529200653,0.744764051058961,0.7899882961500504,,,,0.5234492103005389,0.6187106546616381,0.6792748095879843,0.6269800467367106,0.9943526845625006,0.8952192866482459,0.8963687539734808,0.8880355376925747,2.3787419853905885,1.908722681437961,1.6166342132756668,1.9405055386664425,128.3125,134.5,139.125,135.0
DERP2004,3.917657096175198e-06,0.1802038974643172,0.8633318331086015,0.8633279154515053,0.6831279356442843,0.8267846875553417,0.8084837346940558,0.19167341953002548,0.5001961046867561,0.535143447514863,0.5455646312831514,0.7165135827232382,1.2123051432798406,1.3056332931156882,1.324871317414011,1.2634790080144769,3.0978596160693375,3.5434841843413114,3.50568117643976,1.5863127604768825,125.73076923076923,128.07692307692307,128.30769230769232,143.03846153846155
FR003252,0.08579964615354096,-0.002868975590054501,0.7395213559797594,0.6537217098262185,0.7423903315698139,,,,0.6693441995521313,0.6476873485356159,0.5846278372853912,0.6549003685459315,1.683498334877289,1.712113294676182,1.7541353315554074,1.7007344040531194,2.0874403893284983,2.0552611482100605,2.4357565433454518,2.0134527655294536,149.33333333333334,139.16666666666666,134.41666666666666,139.66666666666666
FR003302,0.009801710001649977,-0.00997931214787573,0.8371339750624748,0.8273322650608248,0.8471132872103505,,,,0.5461876410176256,0.5833589376040444,0.6319520953742659,0.5790693491117346,0.8495899649369768,0.8874845148890449,0.8988676859829743,0.8802363943404611,2.4046815359867963,2.1383310072790396,2.049146622072991,2.2720086984034245,131.33333333333334,132.625,136.08333333333334,131.95833333333334
FR003249,-0.0061977892531397405,-0.009860713179593472,0.8823203636659038,0.8885181529190436,0.8921810768454973,,,,0.5796744249010707,0.5807312690724779,0.5961278802999768,0.5927337036578435,1.57132401475247,1.5960496174889096,1.607785303068691,1.5916199325248168,2.7292696550983586,2.4238710891151083,2.316845333521387,2.4462383575650195,128.30769230769232,128.19230769230768,129.57692307692307,128.6153846153846
LU000006,-0.009819057728279845,0.03089717842962436,0.8582006761302772,0.868019733858557,0.8273034977006528,,,,0.572308467363715,0.5756048854807553,0.6120142265834824,0.6734297327126677,0.9586417313463302,0.7854591042483148,0.8026623200537237,0.7802334206726838,2.4141306296435143,2.6973888952211316,2.4694304145310544,1.910443559523696,127.46153846153847,130.6153846153846,132.92307692307693,139.69230769230768
LU000007,0.015164913307000538,0.044417020061418566,0.8125004058696782,0.7973354925626777,0.7680833858082596,,,,0.5820376371289808,0.6073803019684396,0.6719879449525927,0.5404625661816008,0.8377600275319108,0.6973595764130981,0.7090081895794126,0.693020778119956,2.179298871547911,2.035158191629185,1.764951347193682,2.7592439433930083,135.30769230769232,132.53846153846155,139.07692307692307,130.46153846153845
LU000014,0.01975093943540629,0.10766836612833708,0.7865205072738872,0.7667695678384809,0.6788521411455501,,,,0.5910754818827649,0.6031411140431714,0.6763170442380487,0.5214268361472633,0.806441904065329,0.6801168585183149,0.6916928340586214,0.6760555898557757,1.7501577598896076,1.9851787954014761,1.6983317676543825,2.883156321969585,134.30769230769232,132.69230769230768,139.53846153846155,130.0
LU000008,-0.007146418209277305,0.15386167315906407,0.7059177006648845,0.7130641188741618,0.5520560275058204,,,,0.5007259510922724,0.506324229138638,0.5232624848978925,0.7920576669888268,1.1407084448892786,1.0238970186205292,1.0506455402450388,1.0145837892948293,4.088001988594442,3.788680047314577,3.590597350671131,1.3221168445096445,119.61538461538461,125.0,125.84615384615384,150.15384615384616
LU000005,-0.0013180180107775774,0.1677177963791021,0.866738925794889,0.8680569438056666,0.6990211294157869,,,,0.5131519601965012,0.5235503638339911,0.5331873128321847,0.736301439272538,1.216878753629151,1.102537386448281,1.130184479305249,1.0914739039587387,3.044633207499545,3.385401413060777,3.351829097644198,1.4938808566405637,124.53846153846153,128.6153846153846,129.15384615384616,146.3846153846154
BEWA0106,-0.004430150888086515,0.3293348143632485,0.8085184270817803,0.8129485779698669,0.4791836127185318,,,,0.4968046967832148,0.5280913190703634,0.5473853231593815,0.8034510886184211,1.157128320430866,1.0860506435464583,1.1046924157422422,1.0460566361008805,4.0636305642567105,4.018089135549903,3.7964148153587036,1.4197945896850797,127.0,129.43478260869566,130.2608695652174,154.04347826086956
FR003280,-0.14437133810541547,-0.021554633179416305,0.36296871157967414,0.5073400496850896,0.38452334475909045,,,,0.6641526137715094,0.4799122972877465,0.5594561543971353,0.4870024847364374,1.2547971041714252,0.9901660126684041,1.0109594069510206,0.9835945911725433,3.012885676799598,2.7295589159372233,2.519163882946769,2.8316154536763696,139.57692307692307,126.0,130.53846153846155,126.3076923076923
DERP2017,0.06146986713176383,0.08569865307372204,0.8645974762785792,0.8031276091468154,0.7788988232048571,0.8324865300665021,0.6402061822597515,0.6761314615509566,0.6040660981781378,0.5819412919684421,0.5245162032834932,0.7230517301635899,1.323952539769067,1.1667586480046697,1.1973750535352723,1.1321642252963198,2.6920265731938446,2.6298666832350315,3.956061969737959,1.5632910381258214,133.5,129.1153846153846,124.53846153846153,142.23076923076923
DERP2031,0.03041370844459923,0.09158876534795113,0.8260237361323862,0.795610027687787,0.7344349707844351,0.8525129191463197,0.7853852502374663,0.4714859454565261,0.589492155815281,0.5460012905478968,0.5221725336538049,0.7278607535314893,1.1105974049514904,1.1707943242468684,1.1957542885428143,1.1301873127201274,3.0308423381768783,3.1906793868717007,4.01949616161845,1.5697466124133086,133.8846153846154,126.73076923076923,124.76923076923077,142.65384615384616
FR000125,-0.0059268710744028175,0.00023447777882990017,0.8679632239610678,0.8738900950354707,0.8677287461822379,,,,0.5023047759426577,0.4910866765219765,0.5035228209362088,0.545657310713236,3.519459023368721,3.1422077339610595,3.1687341832655465,3.150184029830576,2.7963068203600563,2.9932531026366593,2.788018048974841,2.7941811697829353,125.91304347826087,125.73913043478261,127.30434782608695,127.52173913043478
DERP2018,0.037345690217045036,0.10322862771118257,0.8479312444639006,0.8105855542468555,0.744702616752718,0.8567401733001209,0.7790117098826587,0.39801153413455415,0.5762481641776137,0.5626978392968148,0.5253651002971625,0.725753501856968,1.024572454928391,1.1527148379497008,1.1802833818357166,1.115205730515964,2.8786026835903322,2.82584062883787,3.9701309119833827,1.5625001270376386,132.46153846153845,128.03846153846155,124.57692307692308,142.53846153846155
DERP2022,-0.0031423452834319354,-0.013088525061209055,0.8427823528202991,0.845924698103731,0.8558708778815082,0.7250270800535845,0.7563543085913114,0.7799998516947493,0.560257812862486,0.5621289903348603,0.5867194656765506,0.544029357667155,1.3282642136993508,1.1666059193202256,1.178401243783812,1.1600685167785232,2.16063169738943,2.972139002225872,2.8542695562759235,2.561210795544415,129.8846153846154,131.19230769230768,132.3846153846154,133.03846153846155
DERP2033,0.03254602605206047,0.013040620634905409,0.8733130260384012,0.8407669999863407,0.8602724054034958,0.889718985262893,0.8227495088745036,0.8325506467237367,0.513752790574686,0.5516793748407381,0.6129010008345627,0.5961935281260143,0.8456727379502524,0.8168532158147769,0.822635660743228,0.805280678176775,2.638083649959376,2.954871273879729,2.785377692501716,2.2834114107876244,127.96153846153847,130.76923076923077,132.84615384615384,134.3846153846154
FR003261,0.015578656557215353,-0.047891247170240625,0.6935492814143388,0.6779706248571234,0.7414405285845794,0.2364870675164864,0.20826182748201605,0.5831420048213214,0.6059598129957963,0.7144187269064609,0.7194932682904941,0.6328576932508295,0.9507015985441356,1.1705622043366268,1.1625711825729788,1.1713236539445788,2.220164395451184,1.5353279772488049,1.5097700754460426,1.9391414771675395,133.46153846153845,140.73076923076923,142.03846153846155,134.34615384615384
FR003295,0.02278958067504544,-0.01199502878912373,0.7612503230087942,0.7384607423337488,0.773245351797918,,,,0.5769152417053487,0.643954715633724,0.6710876435086764,0.6318776695289081,0.874862179138891,0.9973802385366896,1.0009533217753868,0.9896937110016225,1.8349622379426132,1.7666828021844796,1.6835275107358592,1.9443260475554662,134.52,136.4,138.28,135.44
FR003253,0.050726005258335594,-0.001784548765723315,0.7614052246582103,0.7106792193998747,0.7631897734239336,,,,0.6512894124251375,0.6711271815861762,0.6089261416051047,0.6755159290185287,1.4149041810573662,1.4416848720689037,1.4654660721538117,1.436521595188399,2.3023088777028162,1.8429860583930133,2.260341646393284,1.8549777578668356,140.89473684210526,136.78947368421052,132.52631578947367,137.6315789473684
FR003262,0.004512049870320722,-0.00173988036781636,0.857028392762281,0.8525163428919603,0.8587682731300974,,,,0.6343893699502714,0.6724495906905978,0.6463659557115368,0.6633166122411354,1.2114182847345858,1.2194221458231105,1.2309854340826047,1.2130857519855098,2.3265395283367276,1.8286227646113853,1.994660510504125,1.921162987882555,135.24,135.48,134.08,135.0
DEBU1957,-0.006262748167549237,-0.004321836189162265,0.8710910234310487,0.877353771598598,0.875412859620211,0.894625820585808,0.8747576414917457,0.8985556189038132,0.6064127198456731,0.6099686683232015,0.6516786823784294,0.6047645685920432,0.8558204789088875,0.8495698887057355,0.8583434179442866,0.8413126391643913,2.049170615368509,2.028946669370056,1.939436577727116,2.161927540647068,134.1153846153846,132.65384615384616,135.73076923076923,131.80769230769232
DEBU1959,-0.02878538169913103,-0.013373243063534712,0.8313136121514022,0.8600989938505332,0.8446868552149369,0.9034502127928207,0.9074366267749967,0.8990295049710487,0.6098823777540179,0.5981263929296816,0.6271843576898934,0.6129415134588002,0.995652213866705,1.009735775888978,1.0214549987110912,0.9997570417933503,2.5260576243304294,2.3029133070590975,2.224700184166571,2.1708229021343413,132.23076923076923,130.15384615384616,132.15384615384616,131.26923076923077
FR000184,0.16144701194605093,0.002649965880643146,0.6061569827062001,0.4447099707601492,0.603507016825557,,,,0.7607683459067961,0.8185787667829997,0.8088560284978171,0.7909395241149837,1.3461345641856322,1.1395665744849237,1.1065371227383187,1.1289038925440336,1.439657424216201,1.2561293415135004,1.1843148080716266,1.3953323905494055,152.48,153.16,154.56,149.12
LU000013,0.019935263447099616,0.05083088029151073,0.7339121207413657,0.7139768572942661,0.683081240449855,,,,0.5622001104808224,0.5543309499043351,0.6009817688782055,0.5194495418291591,0.6081548655661143,0.6637619546299388,0.6901245428321218,0.6602328547725995,2.274642367461529,2.238906870841305,2.1725149415363063,2.889285234484075,133.53846153846155,130.69230769230768,134.46153846153845,130.46153846153845
LU000017,-0.008642017617011333,0.02819841330577677,0.8707660407666268,0.8794080583836381,0.84256762746085,,,,0.5724331774596073,0.5744209444420864,0.5999553345648593,0.6722642317434353,0.9531568963534384,0.8216024626266424,0.8399204194862966,0.8165290777366738,2.4595552635714406,2.803352735453163,2.604927339446058,1.9000409786394183,127.3076923076923,131.23076923076923,132.69230769230768,140.30769230769232
DERP2027,0.005633042560112211,-0.008933896799392604,0.7850971131332375,0.7794640705731253,0.7940310099326301,0.6655006491571696,0.8280034916064305,0.7116624527896371,0.5778379022572762,0.5721982315113913,0.649066974053087,0.571809868644573,1.1505958165844266,0.9676834840803641,0.9684106408913291,0.9597515729450039,1.82350299231343,2.6982044619144494,2.1484260002375857,2.371678228293734,132.15384615384616,132.46153846153845,137.3846153846154,133.80769230769232
DERP2016,0.04795013888472155,-0.0006471441663765676,0.7898472070535353,0.7418970681688137,0.7904943512199119,0.7550896672136436,0.669109672357725,0.7601538447341446,0.6578150607763272,0.5923367026406584,0.5717902859300504,0.6034362920737718,0.8784074757929518,0.8116301401144042,0.8402485052466748,0.8016115707349663,1.9650568511190973,2.2467590082168853,2.6536713377844996,2.110258420108318,139.65384615384616,131.65384615384616,130.5,132.8846153846154
FR003239,0.037595115587421235,0.019781562776546746,0.722489089743326,0.6848939741559048,0.7027075269667793,,,,0.5417570920419356,0.6051081267639431,0.6129510068636344,0.5978749973255425,1.043221884394032,1.1472361014425587,1.1686718165313004,1.1398597527235725,1.7337156049387468,2.0506348104386123,2.1686468597810036,2.1916922889142265,127.3913043478261,132.08695652173913,131.91304347826087,130.95652173913044
DERP2005,0.005152541371126862,0.015904470250679204,0.8265758866328563,0.8214233452617294,0.8106714163821771,0.8389187126963239,0.8149611638154218,0.7633692318714026,0.4455873237740707,0.5272070513012135,0.547379357872149,0.5126562835517365,1.1496889079696715,1.082126661496785,1.1000104022875856,1.0744651370791407,3.8171290952662003,3.8447019484430585,3.787354305048762,2.88417475608873,120.1923076923077,127.96153846153847,128.3846153846154,130.0
DERP2030,0.033819037521426454,0.09734422082727401,0.8551759461474552,0.8213569086260287,0.7578317253201812,0.8913990083036374,0.8141138275682228,0.5788190771646164,0.6020962318726577,0.5578894547695661,0.5434229034437029,0.7476128968848418,0.8358863192427771,0.8352734385852089,0.8574246046521573,0.8027393978999423,2.942742738094131,3.1703936189172888,4.078384913800536,1.5519474236378412,139.34615384615384,131.80769230769232,129.57692307692307,147.8846153846154
FR003266,-0.08032131111324858,-0.059511514877899074,0.5661739924619011,0.6464953035751497,0.6256855073398002,,,,0.5675230756275457,0.5050609056468546,0.5824183373769682,0.5104249146446327,0.5183051714226222,0.6783826092300436,0.6966727709711602,0.671490502382911,4.039028561215098,2.883415889367644,2.5952800229514783,2.9788986878990467,130.0,127.45454545454545,132.3181818181818,127.77272727272727
FR003268,-0.06562681332888187,-0.012483984498727896,0.6041978968770375,0.6698247102059194,0.6166818813757654,,,,0.5557469480443066,0.5133426100596883,0.6200616613788846,0.5185872156309411,0.6968147202648104,0.6958489933553953,0.7067980911396927,0.6897377355673511,2.8354812658522928,2.8487756663453623,2.3419583519304563,2.959051367748974,126.70833333333333,125.66666666666667,132.375,125.33333333333333
FR000138,0.04830520339823241,0.004344873149639827,0.8122706028126301,0.7639653994143977,0.8079257296629903,,,,0.4868317132856165,0.5596467834556745,0.6163843044233698,0.5245612212263903,0.9894250963306753,0.9376426282756098,0.9553103244479543,0.9358654407203647,2.617709868186704,2.463065828122362,2.230391663372718,2.911424819090896,125.46153846153847,134.69230769230768,138.0,133.30769230769232
FR000200,0.002467368263759373,-0.01305251499257376,0.7498107102570631,0.7473433419933038,0.7628632252496369,,,,0.4575035013218041,0.5485354914440198,0.6097053167612393,0.5150660437312914,0.6404261968432656,0.5946064183729098,0.6094655084177537,0.591002527349905,2.8985084601167306,2.4500839625499604,2.2786840446041636,2.866353900695197,120.91666666666667,129.41666666666666,133.29166666666666,127.29166666666667
FR003251,0.05696234066287931,-0.006698338376091573,0.8207335882319083,0.763771247569029,0.8274319266079999,,,,0.6287292890068247,0.6234552473287619,0.5689329083679904,0.6424371208844591,1.6258192494169288,1.5601297396707143,1.5898309816318812,1.554986485375703,2.109642679560907,2.1982876853387703,2.5777859754754733,2.1118113476799456,137.86363636363637,132.0,128.22727272727272,133.5909090909091
FR003237,0.00235910809302331,-0.0044719651732668675,0.8946161913291955,0.8922570832361721,0.8990881565024623,0.8541253207682474,0.8594359462868263,0.8747802028351845,0.5829247348478124,0.5678996045112918,0.5526098199233624,0.6026144814463713,2.55037940991119,2.436712938563912,2.4558189700839197,2.435524523358869,2.4552189441969348,2.5613300221268025,2.5969167636491184,2.4430012035370017,132.26923076923077,127.84615384615384,127.3076923076923,129.53846153846155
FR000156,0.004529519511975111,-0.00648102640998105,0.8269779474851146,0.8224484279731394,0.8334589738950956,0.8092152629033782,0.8397126719342927,0.843751139474552,0.6229550449387533,0.6629918172894352,0.6454337186862408,0.6523312098495709,1.0975178585251943,1.1565396726248152,1.1674354693551918,1.1501954298556667,2.3250156142838394,1.87618237367604,1.9910243233568115,1.9728980303004342,136.65384615384616,135.53846153846155,134.65384615384616,134.84615384615384
FR003272,-0.01226121595834262,-0.014985335805360656,0.8217358240033169,0.8339970399616595,0.8367211598086776,,,,0.6007617392768614,0.5995622686468244,0.6146874210871126,0.6003947282008005,1.1616918354872199,1.278378110987216,1.2860367830439958,1.2719892276069833,2.4761871992808,2.2553580155534925,2.218094318006996,2.3118056538051097,135.57142857142858,134.42857142857142,135.38095238095238,133.57142857142858
LU000009,0.007893572643173696,0.040438838306570246,0.7809363466033,0.7730427739601263,0.7404975082967298,,,,0.5411479825234004,0.5583383385792323,0.6051721910026022,0.5200662396771227,0.7634042777287259,0.6589803207465584,0.6844462875942737,0.6554574781322087,2.3584108542198785,2.2210984889897603,2.1547008315653127,2.8942318232021145,132.69230769230768,130.76923076923077,134.92307692307693,130.53846153846155
LU000011,-0.007870736179209636,0.22801736742588807,0.8508298674951786,0.8587006036743883,0.6228125000692906,,,,0.5621020627204069,0.5336055070031255,0.5443018839277644,0.8039609447645796,0.9868912416707145,0.8552376514895592,0.88105319044829,0.8476758021949735,3.245834379508611,3.7691013926971135,3.6540624313969414,1.3711129168831648,131.0,130.15384615384616,130.46153846153845,153.92307692307693
FR003234,-0.05956649985176998,-0.09311163158837532,0.5712324330322812,0.6307989328840512,0.6643440646206565,,,,0.5991215229375468,0.5066613639088041,0.5373491332794587,0.6277442566524464,3.112317145012346,2.1721992410924402,2.1863218088459604,2.142900373208271,2.303898434538102,3.2614329321016604,2.838652551987765,2.283834761263815,132.0909090909091,124.4090909090909,126.77272727272727,131.8181818181818
BEWA0107,0.002371146716012462,0.21348471349210452,0.7448322094749298,0.7424610627589173,0.5313474959828253,,,,0.5650632320024066,0.5273851837142534,0.5330759060451096,0.779279501273862,1.2694405494768017,1.5029467937019547,1.5260073296694765,1.422820725174367,3.4182994258423167,3.3441683815898604,3.4248004875303746,1.3354661322067156,133.58823529411765,132.0,131.88235294117646,154.64705882352942
FR003288,0.019424912484092727,0.07341297544551273,0.7129305548980532,0.6935056424139605,0.6395175794525405,,,,0.5575694415881807,0.6008507055247603,0.6397228708596236,0.5112026994242157,0.6382568553269785,0.6690481454233446,0.6814595583212407,0.6701473153967196,1.8773455778449442,2.1155400977430916,2.0328405441251616,2.9214322609067715,131.73076923076923,132.84615384615384,135.30769230769232,127.38461538461539
FR000174,0.06836076616979214,0.008549375061011166,0.6630604320569695,0.5946996658871774,0.6545110569959584,,,,0.4378605500946607,0.5308163243011041,0.5997822733621038,0.5312436012039446,0.5779162965551374,0.6823839656361476,0.7067568750721517,0.6770916463418865,3.730070984507281,2.6688079660205988,2.422392475752669,2.900481003858734,117.92307692307692,131.0,136.69230769230768,132.53846153846155
DERP2021,0.012555239733732515,0.007611404136672273,0.871533920432415,0.8589786806986824,0.8639225162957427,0.8700541317997795,0.8448466430931562,0.8232024883497596,0.4703845996587508,0.535592766809432,0.5707629339272218,0.51160674686094,1.398167993796431,1.2528051699792475,1.264621213491466,1.2463041708030451,3.3370353680427347,3.217538598421796,3.0447230154260536,2.701924472300894,124.5,129.53846153846155,130.96153846153845,131.69230769230768
FR003293,0.025840295253761192,-0.03317678763678056,0.5955600149906148,0.5697197197368536,0.6287368026273954,,,,0.5914750289546523,0.7403332428973095,0.7444735316931284,0.7180545430567213,0.9910164766444115,1.076966990334839,1.063223911294036,1.072797517425069,2.304240628997312,1.4561503801105515,1.3719499257692518,1.6297437192099349,142.05555555555554,144.72222222222223,145.83333333333334,142.5
FR003236,0.03216150958863706,0.010732404853585287,0.8468635118924326,0.8147020023037955,0.8361311070388473,,,,0.6130444923461763,0.6017780782025224,0.5478423426822115,0.6083095779938298,2.2985384896105137,2.1753999953280414,2.2112952034980244,2.170567216942,2.3750379274547355,2.3282580448757035,2.654440985481032,2.14848415193973,133.16,130.56,127.6,132.48
BEWA0119,0.0012212283225447873,0.20276617129785346,0.8523940634315299,0.8511728351089851,0.6496278921336764,,,,0.5081014079140684,0.5306984708001268,0.540984719045621,0.7311441460959783,1.2998432104374793,1.3947686737139677,1.4153623367068378,1.3444753420241464,3.3364343815241786,3.499090039388527,3.433978390661902,1.4923530671776661,123.26666666666667,127.33333333333333,127.73333333333333,145.8
DERP2013,-0.02642568806636625,0.10668079978293477,0.4995186987448994,0.5259443868112657,0.39283789896196464,0.3578807290625282,0.37355409198165324,0.2443976393028,0.8138979678410975,0.8025905123971201,0.8040984758063203,0.7845375889588209,0.7628039021474782,0.8175189867889773,0.8017372183269993,0.8046515432765003,0.9585595889496735,1.4406062886632862,1.3617184266338704,1.5939012225439495,161.34615384615384,152.5,154.57692307692307,150.30769230769232
DERP2024,-0.005049462511655944,0.00030669572012009816,0.852099863444355,0.8571493259560109,0.8517931677242349,0.7689890486439559,0.7720065357469947,0.7991724867424514,0.6056517156816441,0.5982371796775251,0.6148069069226254,0.578580016089334,1.018054379588398,1.0378084330376132,1.0484100459320027,1.0315074265896294,1.9893237119119833,2.65121529548329,2.5587322735640865,2.362849530632956,132.84615384615384,132.8846153846154,133.84615384615384,133.73076923076923
FR003283,-0.04793726838546597,-0.033958396348348296,0.7483813535474173,0.7963186219328833,0.7823397498957656,,,,0.5325784969434902,0.4954351375288085,0.5733538012720572,0.525546650112402,0.7764789553330105,0.8547971429785334,0.8740864125331627,0.8451459231764819,3.278380260004694,2.8351749599048337,2.5857356163735514,2.7058444035124283,128.36,125.68,130.84,127.4
FR000159,-0.0014606646673858137,-0.004726935969822987,0.8311720977783601,0.8326327624457459,0.8358990337481831,,,,0.6030848801904666,0.6361531669024357,0.6250124992084614,0.6266184385370038,1.2861866065257646,1.234533557693151,1.2454635681579147,1.2338366806063317,2.2578023984627564,1.8873595318909036,1.9801808612826315,1.9735529010889652,144.25,143.75,143.33333333333334,143.58333333333334
FR003284,-0.01767648265846078,-0.01963767624241608,0.82077053821407,0.8384470208725308,0.8404082144564861,,,,0.6026969325669678,0.6016993399778198,0.6235238589220016,0.6020686975885391,1.0525460592183666,1.1461981812194912,1.1581263463787075,1.139825804214066,2.6102271947819404,2.2632569753904517,2.200255379307812,2.3351836439501965,131.5,130.65384615384616,132.15384615384616,130.23076923076923
LU000019,0.000657662082098387,0.13197411044369,0.8536059004086037,0.8529482383265053,0.7216317899649137,,,,0.4927093708112636,0.5258864062581827,0.5351948717623128,0.7116274989820364,1.1783079531931049,1.0397005790757317,1.0669076440697862,1.031043385869548,3.4284677356567825,3.4245059088666086,3.4070747091691578,1.6132014026558845,125.84615384615384,129.69230769230768,129.92307692307693,144.69230769230768
LU000015,-0.0038570225223600874,0.25983383324722864,0.8492536404655039,0.853110662987864,0.5894198072182752,,,,0.5168531772655388,0.519324333238178,0.5336966571452181,0.7981738972083121,1.0740519590813469,0.931043163085967,0.9572470962179792,0.9235076434213418,4.331634051685714,3.8039471214262295,3.6133392074593136,1.3550064465913754,121.76923076923077,127.15384615384616,127.76923076923077,151.69230769230768
FR003259,-0.016472059950220386,-0.05339417972361149,0.28562127045852037,0.30209333040874076,0.33901545018213186,,,,0.5706232490689632,0.7120385170116297,0.7117736559528411,0.6029787018084979,0.8747875558972658,1.3815684473301824,1.3603386376238833,1.3872727675146719,2.2152232268195253,1.4697323443038444,1.4649453373992782,2.056739158601499,136.64705882352942,145.05882352941177,145.88235294117646,137.47058823529412
DERP2015,0.027725234770001106,0.015731692394081565,0.7665049699759191,0.738779735205918,0.7507732775818375,0.6963867095613373,0.6454106570058513,0.6601764678135773,0.680687665329563,0.6826893903081096,0.6358580316528162,0.654244231283669,0.999727657961247,0.900446439382658,0.9202383928623376,0.8921187089777493,1.7763706983828427,1.7163051708781782,1.9838595772659575,1.929821703367008,142.96153846153845,138.92307692307693,135.6153846153846,136.23076923076923
FR003274,0.03644277478175506,-0.007911119331372674,0.7463354674963479,0.7098926927145929,0.7542465868277206,,,,0.4388275678210208,0.5150066395480608,0.579606533966702,0.5078119096765815,0.6728063523481701,0.7594467431871648,0.7812062921085052,0.75338567746579,3.45529350359786,2.4363337436837718,2.1847331394857914,2.7812374558052286,127.45454545454545,133.0,138.9090909090909,134.1818181818182
DERP2036,0.02236446790499047,0.011596544963013433,0.8466057473696654,0.824241279464675,0.835009202406652,0.8594853826468588,0.8046041083643936,0.8041488413854718,0.47157230315414317,0.5267335138464991,0.5506856876283092,0.5459105929958691,0.7697909099995716,0.7216352147625068,0.739062468245758,0.7137304875302322,3.475729191631467,3.4944297822037225,4.169058313647418,2.6949119857177752,127.07692307692308,130.96153846153845,131.15384615384616,132.80769230769232
DERP2011,0.02600739077291292,-0.0010454352456170657,0.818879129398523,0.7928717386256101,0.8199245646441401,0.7051403793420185,0.5553146280836905,0.749321326875805,0.5618528253644051,0.6039046770431168,0.6526153357316022,0.5786047306858667,0.8511268809833806,0.9912190910297942,0.9948040710087633,0.9850457915824551,2.0141747929079346,2.2473191058522657,2.044574387967531,2.261801946213116,130.03846153846155,133.19230769230768,136.15384615384616,132.73076923076923
BEWA0066,-0.0008184423082076009,0.21202664617624822,0.8850239851492511,0.8858424274574587,0.6729973389730028,,,,0.5157415459885847,0.5381575589051922,0.5488626895253613,0.7475552689892696,1.3588031872303,1.3176820708205434,1.3416564273359703,1.2781013025755263,3.400557707042768,3.5006124709300694,3.428415521995925,1.6273811085567325,126.29411764705883,128.0,128.47058823529412,147.2941176470588
FR003275,0.016861964905812155,-0.01685105835000633,0.670428593647568,0.6535666287417559,0.6872796519975743,,,,0.4211480281801187,0.494317896698002,0.5721908475885997,0.5149674262134006,0.700921766646005,0.9087977055436282,0.9280852805562625,0.8997378210585694,4.118494126340723,2.849934494225279,2.5794564902620096,2.779187190182216,123.32,125.0,130.12,126.08
FR003257,0.04163971540758016,0.0014136405103229999,0.8099699537552566,0.7683302383476764,0.8085563132449336,,,,0.5222915688252827,0.6039884416489372,0.675026769120404,0.6187653454033288,0.9787323451344386,0.87859194296354,0.8789876669051309,0.8688081897816762,2.4418798274668423,2.032763088008584,1.7249938235346867,2.052225335769009,127.32,132.8,137.6,133.08
FR003296,0.02167896470002806,-0.011982735660062138,0.7786508916174515,0.7569719269174234,0.7906336272775136,0.5374192159908405,0.40374525893052726,0.5907157160666461,0.5438003919470576,0.6164185139037783,0.655284793168011,0.6086965416025883,0.8351470457281275,0.9692220406660962,0.9759255960316494,0.9618977559390881,2.183741709168209,1.928355527403442,1.8341073790345155,2.0837619955118893,132.15384615384616,133.73076923076923,136.5,132.76923076923077
FR000171,-0.03771600751497595,-0.02623971074273035,0.7430984653157647,0.7808144728307407,0.7693381760584951,,,,0.5258401840570618,0.5334134986858553,0.6153153519581948,0.5215971514284922,0.6489004821742346,0.6455040207518153,0.6592561877955863,0.6404449244900194,2.794871761794153,2.6524890626068984,2.341040378619912,2.924775085620891,124.91666666666667,127.41666666666667,132.45833333333334,126.25
FR000140,-0.001383384397023013,-0.006245048456464453,0.8784922558283192,0.8798756402253423,0.8847373042847837,,,,0.5647858633731606,0.5783249132595748,0.5873299298683329,0.5932975358364575,1.5435719282086267,1.6929053922815585,1.7053778639614288,1.6890047080323976,2.688164983519076,2.408576437961643,2.344512129226877,2.4391710368885193,127.88,128.0,128.92,128.56
DEBU1956,-0.024049220391017867,-0.020668401153960958,0.8174049084776945,0.8414541288687124,0.8380733096316555,0.8658463197235896,0.8653436512352233,0.8880670833720251,0.6023545418383962,0.5961818599400335,0.6214479599174133,0.596849455027725,1.0538170118310684,1.1138899528050827,1.1259472957419503,1.1073775227476483,2.5050865854074784,2.2738073849657154,2.200417427184877,2.350587538010034,132.03846153846155,130.57692307692307,132.19230769230768,130.03846153846155
LU000002,0.0032676911049137614,0.013600027318088181,0.7918385159995669,0.7885708248946531,0.7782384886814787,,,,0.5729173574933384,0.5934153671991257,0.6213399353690614,0.6110169502733073,1.0313721751418063,0.7892581751272176,0.8073435992776286,0.7843677368012197,2.2436501934118906,2.3303310509302966,2.2446427828216087,2.272613311481252,128.30769230769232,132.15384615384616,135.07692307692307,135.69230769230768
LU000016,0.0031978319094387864,0.07123334403602888,0.7320093406353987,0.7288115087259599,0.6607759965993698,,,,0.5649402652939012,0.5664945193017299,0.619012743208193,0.5206627474407381,0.8191421083027756,0.653960972730716,0.6766863765345439,0.6504343480600233,2.005882515001313,2.1911312270472676,2.0556578218696786,2.8730763393820427,133.6153846153846,131.15384615384616,136.07692307692307,130.3846153846154
FR003250,-0.08113250933379568,-0.11168251785288474,0.14878522555211304,0.22991773488590872,0.2604677434049978,,,,0.6808339053044777,0.5178740189401382,0.5349825068425442,0.5734691105388047,2.390766191224803,1.6085204110691376,1.6289277626048888,1.611409052357442,1.8180162228489514,3.105316368161535,2.8511129769424906,2.974434515014605,152.04,127.84,129.2,130.16
FR000132,0.1874916487988587,0.052724928719214526,0.6873385714485988,0.49984692264974007,0.6346136427293843,,,,0.6530106635895081,0.6332618507956207,0.5243767565408239,0.605990833195751,1.8959382715248034,2.286371322081839,2.343516305259006,2.2864584631321776,1.9320525133488922,2.0374735343606427,2.886056235383221,1.9735828497492096,135.08333333333334,132.5,125.16666666666667,132.5
FR003254,0.021133441302199296,0.01361932713150349,0.5855139252281673,0.564380483925968,0.5718945980966638,,,,0.7235967013603444,0.6955218647755191,0.7189754095731669,0.6819604567422037,1.2828977644631783,1.0081249525806772,0.9753516851317228,1.0089184037935455,1.5714018371761915,1.584872576083673,1.4474029083320255,1.7095199697899974,148.625,150.375,152.25,149.5
DERP2010,0.017794285183313052,-0.0015895330899504678,0.8090835358791828,0.7912892506958698,0.8106730689691333,0.8050165245873688,0.6988496691058834,0.8225055027468292,0.584766701424946,0.5914400392689401,0.6690052545450311,0.5769721704200983,0.9819733386627639,1.0527368931545602,1.047607280054907,1.0450097429460075,2.0439832188462397,2.375877635124088,1.9424065053425423,2.239698257862311,133.42307692307693,132.23076923076923,136.96153846153845,133.0
FR000201,0.008418320910319577,-0.01879826883035718,0.7683898530702465,0.759971532159927,0.7871881219006037,,,,0.42653072389875984,0.5173592790513624,0.5994773552893102,0.5060300764137671,0.849581128083009,0.6934552013371074,0.7073472712279564,0.6883484250302789,3.464183661054504,2.6340245238065747,2.330184803175621,2.8728302926404283,114.75,125.08333333333333,130.0,124.29166666666667
FR003300,0.0024489309768777057,-0.010738758473602839,0.6818978347964199,0.6794489038195421,0.6926365932700227,,,,0.5442717309295414,0.6435875585902207,0.6411313752031785,0.6259783656561124,0.7941646809114383,0.8008240787004073,0.8156116181888436,0.7928064661068135,2.409833486615015,1.9095372794742254,2.0439999273135454,2.0846305447117577,135.0,135.48,135.32,134.04
FR003267,-0.08526965140768694,-0.036103554264694804,0.635814457995977,0.721084109403664,0.6719180122606718,0.6916820788985594,0.7160418706975104,0.7083065239450547,0.6063197103501453,0.49534048121073077,0.5744519985785906,0.5043554683117947,0.6999686070842662,0.7771936955371991,0.7958758010166346,0.7695931488652482,3.154342960852823,2.896454409054133,2.6655631056970095,2.9922806802719033,131.73076923076923,125.84615384615384,131.19230769230768,126.07692307692308
DERP2014,0.023389526021145635,0.015163208614884738,0.8012606713045267,0.7778711452833811,0.786097462689642,0.7336365784776624,0.7055891394654423,0.7176612852831308,0.6895695736242748,0.7234930639129495,0.7314683051500108,0.6985975106535823,0.9009074304970512,0.9025894813185736,0.8967166983285914,0.8925093192349305,1.4863795351870033,1.6112213853550015,1.5331656989105444,1.784401183557256,145.73076923076923,142.84615384615384,144.57692307692307,140.15384615384616
DERP2007,0.001251334325360287,-0.0010837963526811878,0.8431818839931307,0.8419305496677704,0.8442656803458118,0.8525839552401394,0.8411793411138644,0.8627395220926825,0.5009140812683283,0.5623777597727716,0.5796856400550102,0.5255983444075228,1.1604185383319292,1.0670437864469058,1.080673717225122,1.062204989045065,2.915570639402641,3.20108582068815,3.1182034673273518,2.6862753295107464,124.88461538461539,129.1153846153846,129.69230769230768,129.69230769230768
FR003271,-0.05791495501118604,-0.014500422436689031,0.6998352861304723,0.7577502411416583,0.7143357085671613,,,,0.5432693168165375,0.5347544675349578,0.617795361137897,0.5205805700585185,0.6967928058222851,0.6585095376471576,0.6714370237235608,0.6535762117861655,2.5845648486267065,2.682017182017736,2.386995823951877,2.9890164533511885,124.56,127.96,132.76,126.72
FR003301,0.020124617974891956,-0.01519656041238493,0.8579884259670787,0.8378638079921867,0.8731849863794636,,,,0.5407656464253692,0.6117255260832701,0.6530785058571967,0.6013497847444971,0.8787422218958316,0.8695386581404365,0.8818109896349966,0.8645358279120814,2.8797385123811385,2.068518546702228,2.0015520477892474,2.3117260197072964,128.1875,131.9375,135.5625,131.4375
DERP2003,-0.005722817810856706,0.04612752727394598,0.8902462073906575,0.8959690252015142,0.8441186801167115,0.8636573421425335,0.8655610072840441,0.726583198139793,0.5593528460977805,0.5607911937236372,0.5901071392326409,0.6749845444520165,1.0457075953185144,1.0422424556769252,1.0554601262605847,1.0159979359074123,2.2855850273480653,3.026297631319108,2.8594303063864706,1.6919248699077103,126.34615384615384,128.53846153846155,129.92307692307693,137.42307692307693
DEBU1958,-0.02060045691139034,-0.011530873937964148,0.8490025117886395,0.8696029687000298,0.8605333857266037,0.8799464774694206,0.8746653375570036,0.8718946485328276,0.6102542210133954,0.5976341025554756,0.6265078946675194,0.6117357989831383,0.9863047836152153,1.0325083476277417,1.0442395936894835,1.022750180510184,2.3531175439363525,2.31554965311509,2.2179705848484303,2.1834031946319077,131.6153846153846,130.19230769230768,132.19230769230768,131.23076923076923
